index,챗GPT와 대화한 내용,한글 낭독본,전사 결과,CER,WER,mWER,수치 정확도,의학용어 재현율
0,"[T01] 의료진: 16번 환자 들어오세요.
[T01] 환자측: 50세 남성입니다.
[T02] 의료진: 어떤 증상으로 오셨나요?
[T02] 환자측: 허리가 아픕니다.
[T03] 의료진: 어딘가를 부딪히거나 넘어졌나요?
[T03] 환자측: 아니요, 그런 적 없습니다.
[T04] 의료진: 통증은 언제부터 있었나요?
[T04] 환자측: 이틀 전부터입니다.
[T05] 의료진: 통증의 강도는 얼마인가요?
[T05] 환자측: NRS 5점입니다.
[T06] 의료진: 동반 증상이 있나요?
[T06] 환자측: 다리에 저림 증상이 있습니다.
[T07] 의료진: 과거력이 있나요?
[T07] 환자측: 디스크 수술을 받은 적이 있습니다.
[T08] 의료진: 활력징후를 알려주세요.
[T08] 환자측: 혈압 125/80 mmHg, 맥박 76회/분, 호흡 18회/분, 체온 36.6℃, 산소포화도 98%입니다.
[T09] 의료진: 다리가 많이 저리신가요?
[T09] 환자측: 네, 계속 저립니다.
[T10] 의료진: 감각이 떨어지진 않나요?
[T10] 환자측: 약간 둔하게 느껴집니다.
[T11] 의료진: 소변이나 대변 보는데 문제가 있나요?
[T11] 환자측: 아니요, 문제 없습니다.
[T12] 의료진: 다리에 힘이 빠지는 느낌이 있나요?
[T12] 환자측: 약간 힘이 빠지는 느낌이 듭니다.
[T13] 의료진: 운동 기능(MOTOR POWER) 검사 결과는 어떤가요?
[T13] 환자측: 양측 다리 근력은 4/5입니다.","[T01] 의료진: 십육 번 환자 들어오세요.
[T01] 환자측: 오십 세 남성입니다.
[T02] 의료진: 어떤 증상으로 오셨나요?
[T02] 환자측: 허리가 아픕니다.
[T03] 의료진: 어딘가를 부딪히거나 넘어졌나요?
[T03] 환자측: 아니요, 그런 적 없습니다.
[T04] 의료진: 통증은 언제부터 있었나요?
[T04] 환자측: 이틀 전부터입니다.
[T05] 의료진: 통증의 강도는 얼마인가요?
[T05] 환자측: 엔알에스 오 점입니다.
[T06] 의료진: 동반 증상이 있나요?
[T06] 환자측: 다리에 저림 증상이 있습니다.
[T07] 의료진: 과거력이 있나요?
[T07] 환자측: 디스크 수술을 받은 적이 있습니다.
[T08] 의료진: 활력징후를 알려주세요.
[T08] 환자측: 혈압 백이십오에 팔십 엠엠에이치지, 맥박 분당 칠십육 회, 호흡 분당 십팔 회, 체온 삼십육 점 육 도, 산소포화도 구십팔 퍼센트입니다.
[T09] 의료진: 다리가 많이 저리신가요?
[T09] 환자측: 네, 계속 저립니다.
[T10] 의료진: 감각이 떨어지진 않나요?
[T10] 환자측: 약간 둔하게 느껴집니다.
[T11] 의료진: 소변이나 대변 보는데 문제가 있나요?
[T11] 환자측: 아니요, 문제 없습니다.
[T12] 의료진: 다리에 힘이 빠지는 느낌이 있나요?
[T12] 환자측: 약간 힘이 빠지는 느낌이 듭니다.
[T13] 의료진: 운동 기능 모터 파워 검사 결과는 어떤가요?
[T13] 환자측: 양측 다리 근력은 오 분의 사입니다.",,,,,,
107,"[T01] 의료진: 19번 환자 분 들어오세요.
[T01] 환자측: 네. 34살 여자입니다.
[T02] 의료진: 어디가 불편하신가요?
[T02] 환자측: 아랫배가 아파요.
[T03] 의료진: 통증 강도와 양상 알려주세요.
[T03] 환자측: 쥐어짜는 느낌이고, NRS 6점이에요.
[T04] 의료진: 언제부터 아프셨나요?
[T04] 환자측: 어젯밤부터요.
[T05] 의료진: 생리중인가요?
[T05] 환자측: 네, 생리 중이에요.
[T06] 의료진: 평소에도 생리통이 있으신가요?
[T06] 환자측: 네, 가끔 있어요.
[T07] 의료진: 진통제 복용하고 오셨나요?
[T07] 환자측: 네, 한 번 먹었어요.
[T08] 의료진: 복통 말고 다른 증상 있나요?
[T08] 환자측: 네, 허리도 뻐근해요.
[T09] 의료진: 활력징후, 의식 수준 알려주세요
[T09] 환자측: 혈압 110/70 mmHg, 맥박수 78 회/분, 호흡수 18 회/분, 체온 36.8℃, SPO2: 98%.
[T10] 의료진: 의식수준은 어떠신가요?
[T10] 환자측: 의식수준은 Alert예요.
[T11] 의료진: 과거력 알려주세요.
[T11] 환자측: 특이 사항 없어요.","[T01] 의료진: 십구 번 환자 분 들어오세요.
[T01] 환자측: 네. 서른네 살 여자입니다.
[T02] 의료진: 어디가 불편하신가요?
[T02] 환자측: 아랫배가 아파요.
[T03] 의료진: 통증 강도와 양상 알려주세요.
[T03] 환자측: 쥐어짜는 느낌이고, 엔알에스 육 점이에요.
[T04] 의료진: 언제부터 아프셨나요?
[T04] 환자측: 어젯밤부터요.
[T05] 의료진: 생리중인가요?
[T05] 환자측: 네, 생리 중이에요.
[T06] 의료진: 평소에도 생리통이 있으신가요?
[T06] 환자측: 네, 가끔 있어요.
[T07] 의료진: 진통제 복용하고 오셨나요?
[T07] 환자측: 네, 한 번 먹었어요.
[T08] 의료진: 복통 말고 다른 증상 있나요?
[T08] 환자측: 네, 허리도 뻐근해요.
[T09] 의료진: 활력징후, 의식 수준 알려주세요
[T09] 환자측: 혈압 백십에 칠십 엠엠에이치지, 맥박수 분당 칠십팔 회, 호흡수 분당 십팔 회, 체온 삼십육 점 팔 도, 에스피오투 구십팔 퍼센트.
[T10] 의료진: 의식수준은 어떠신가요?
[T10] 환자측: 의식수준은 얼럿이에요.
[T11] 의료진: 과거력 알려주세요.
[T11] 환자측: 특이 사항 없어요.",,,,,,
112,"[T01] 의료진: 6번 환자 분 들어오세요.
[T01] 환자측: 40대 남자입니다.
[T02] 의료진: 어디가 불편하세요?
[T02] 환자측: 뒷목이 아파요.
[T03] 의료진: 부딪히거나 외상이 있었나요?
[T03] 환자측: 자전거 타다가 넘어지면서 보도블럭 턱에 뒷목을 부딪혔어요.
[T04] 의료진: 단독사고인가요?
[T04] 환자측: 네.
[T05] 의료진: 다른 증상은 없나요?
[T05] 환자측: 네, 딱히 없어요.
[T06] 의료진: 머리가 아프거나 구토도 없으세요?
[T06] 환자측: 머리도 안 아프고 구토도 없어요.
[T07] 의료진: 혹시 팔이나 손 저림은 없나요?
[T07] 환자측: 조금 저린 것 같아요.
[T08] 의료진: 어디가 저리세요?
[T08] 환자측: 왼쪽 팔이 좀 저려요.
[T09] 의료진: 통증 강도를 1에서 10점까지 중 몇 점 정도로 아프세요?
[T09] 환자측: 6점 정도 돼요.
[T10] 의료진: 정말 6점입니까?
[T10] 환자측: 네, 6점이에요.
[T11] 의료진: 활력징후 알려주세요.
[T11] 환자측: 혈압 130/80 mmHg, 맥박수 85회/분, 호흡수 18회/분, 체온 36.8℃, SPO2: 98%.
[T12] 의료진: 걸으실 수 있나요?
[T12] 환자측: 지금은 좀 힘들어요.
[T13] 의료진: 왜죠?
[T13] 환자측: 뒷목이 아프고 왼쪽 팔도 저려서요.
[T14] 의료진: 다리도 아프신가요?
[T14] 환자측: 다리는 괜찮아요.
[T15] 의료진: 언제 사고가 발생했나요?
[T15] 환자측: 한두 시간쯤 전에요.","[T01] 의료진: 육 번 환자 분 들어오세요.
[T01] 환자측: 사십 대 남자입니다.
[T02] 의료진: 어디가 불편하세요?
[T02] 환자측: 뒷목이 아파요.
[T03] 의료진: 부딪히거나 외상이 있었나요?
[T03] 환자측: 자전거 타다가 넘어지면서 보도블럭 턱에 뒷목을 부딪혔어요.
[T04] 의료진: 단독사고인가요?
[T04] 환자측: 네.
[T05] 의료진: 다른 증상은 없나요?
[T05] 환자측: 네, 딱히 없어요.
[T06] 의료진: 머리가 아프거나 구토도 없으세요?
[T06] 환자측: 머리도 안 아프고 구토도 없어요.
[T07] 의료진: 혹시 팔이나 손 저림은 없나요?
[T07] 환자측: 조금 저린 것 같아요.
[T08] 의료진: 어디가 저리세요?
[T08] 환자측: 왼쪽 팔이 좀 저려요.
[T09] 의료진: 통증 강도를 일에서 십 점까지 중 몇 점 정도로 아프세요?
[T09] 환자측: 육 점 정도 돼요.
[T10] 의료진: 정말 육 점입니까?
[T10] 환자측: 네, 육 점이에요.
[T11] 의료진: 활력징후 알려주세요.
[T11] 환자측: 혈압 백삼십에 팔십 엠엠에이치지, 맥박수 분당 팔십오 회, 호흡수 분당 십팔 회, 체온 삼십육 점 팔 도, 에스피오투 구십팔 퍼센트.
[T12] 의료진: 걸으실 수 있나요?
[T12] 환자측: 지금은 좀 힘들어요.
[T13] 의료진: 왜죠?
[T13] 환자측: 뒷목이 아프고 왼쪽 팔도 저려서요.
[T14] 의료진: 다리도 아프신가요?
[T14] 환자측: 다리는 괜찮아요.
[T15] 의료진: 언제 사고가 발생했나요?
[T15] 환자측: 한두 시간쯤 전에요.",,,,,,
126,"[T01] 의료진: 1번 환자 분 들어오세요.
[T01] 환자측: 8살 여자아이예요.
[T02] 의료진: 어디 아파요?
[T02] 환자측: 목이 아파요.
[T03] 의료진: 외상인가요?
[T03] 환자측: 아니요.
[T04] 의료진: 그럼 어떻게 아파요?
[T04] 환자측: 오늘 아침부터 목이 따끔거리고 아파요.
[T05] 의료진: 열나나요?
[T05] 환자측: 네.
[T06] 의료진: 활력징후 알려주세요.
[T06] 환자측: 혈압 100/60 mmHg, 맥박수 90회/분, 호흡수 20회/분, 체온 38.5℃, SPO2 98%.
[T07] 의료진: 숨쉬기 불편한가요?
[T07] 환자측: 아니요.
[T08] 의료진: 침삼키기도 힘드나요?
[T08] 환자측: 네.
[T09] 의료진: 목안쪽이 많이 부었나요?
[T09] 환자측: 네.
[T10] 의료진: 목상태 더 알려주세요.
[T10] 환자측: 금일 오전부터 발생한 인후통으로 내원했어요. FPRS 2점이에요.","[T01] 의료진: 일 번 환자 분 들어오세요.
[T01] 환자측: 여덟 살 여자아이예요.
[T02] 의료진: 어디 아파요?
[T02] 환자측: 목이 아파요.
[T03] 의료진: 외상인가요?
[T03] 환자측: 아니요.
[T04] 의료진: 그럼 어떻게 아파요?
[T04] 환자측: 오늘 아침부터 목이 따끔거리고 아파요.
[T05] 의료진: 열나나요?
[T05] 환자측: 네.
[T06] 의료진: 활력징후 알려주세요.
[T06] 환자측: 혈압 백에 육십 엠엠에이치지, 맥박수 분당 구십 회, 호흡수 분당 이십 회, 체온 삼십팔 점 오 도, 에스피오투 구십팔 퍼센트.
[T07] 의료진: 숨쉬기 불편한가요?
[T07] 환자측: 아니요.
[T08] 의료진: 침삼키기도 힘드나요?
[T08] 환자측: 네.
[T09] 의료진: 목안쪽이 많이 부었나요?
[T09] 환자측: 네.
[T10] 의료진: 목상태 더 알려주세요.
[T10] 환자측: 금일 오전부터 발생한 인후통으로 내원했어요. 에프피알에스 이 점이에요.",,,,,,
128,"[T01] 의료진: 6번 환자 분 들어오세요.
[T01] 환자측: 40대 남자예요.
[T02] 의료진: 어디 아파요?
[T02] 환자측: 오른쪽 다리가 뜨겁고 아파요.
[T03] 의료진: 다쳤어요?
[T03] 환자측: 아니요.
[T04] 의료진: 화상입었어요?
[T04] 환자측: 아니요.
[T05] 의료진: 부종있나요?
[T05] 환자측: 네, 부었어요.
[T06] 의료진: 언제부터 그랬어요?
[T06] 환자측: 5일 전부터요.
[T07] 의료진: 감염된 원인이 있을까요?
[T07] 환자측: 잘 모르겠어요.
[T08] 의료진: 과거력 알려주세요.
[T08] 환자측: 당뇨 있어요.
[T09] 의료진: BST 몇이에요?
[T09] 환자측: BST 220mg/dL이에요.
[T10] 의료진: 다른 증상은 없나요?
[T10] 환자측: 발적이 있어요.
[T11] 의료진: 활력징후 알려주세요.
[T11] 환자측: 혈압 130/85 mmHg, 맥박수 95회/분, 호흡수 20회/분, 체온 37.8℃, SPO2 97%.
[T12] 의료진: 통증점수 알려주세요.
[T12] 환자측: NRS 5점이에요.","[T01] 의료진: 육 번 환자 분 들어오세요.
[T01] 환자측: 사십 대 남자예요.
[T02] 의료진: 어디 아파요?
[T02] 환자측: 오른쪽 다리가 뜨겁고 아파요.
[T03] 의료진: 다쳤어요?
[T03] 환자측: 아니요.
[T04] 의료진: 화상입었어요?
[T04] 환자측: 아니요.
[T05] 의료진: 부종있나요?
[T05] 환자측: 네, 부었어요.
[T06] 의료진: 언제부터 그랬어요?
[T06] 환자측: 오 일 전부터요.
[T07] 의료진: 감염된 원인이 있을까요?
[T07] 환자측: 잘 모르겠어요.
[T08] 의료진: 과거력 알려주세요.
[T08] 환자측: 당뇨 있어요.
[T09] 의료진: 비에스티 몇이에요?
[T09] 환자측: 비에스티 이백이십 밀리그램 퍼 데시리터예요.
[T10] 의료진: 다른 증상은 없나요?
[T10] 환자측: 발적이 있어요.
[T11] 의료진: 활력징후 알려주세요.
[T11] 환자측: 혈압 백삼십에 팔십오 엠엠에이치지, 맥박수 분당 구십오 회, 호흡수 분당 이십 회, 체온 삼십칠 점 팔 도, 에스피오투 구십칠 퍼센트.
[T12] 의료진: 통증점수 알려주세요.
[T12] 환자측: 엔알에스 오 점이에요.",,,,,,
140,"[T01] 의료진: 19번 환자 분 들어오세요.
[T01] 환자측: 65세 남자입니다.
[T02] 의료진: 어떤 증상으로 내원하셨나요?
[T02] 환자측: 다리가 붓고 아파요.
[T03] 의료진: 언제부터 다리가 부었나요?
[T03] 환자측: 3일 전부터요.
[T04] 의료진: 외상인가요?
[T04] 환자측: 아니요, 외상은 아니에요.
[T05] 의료진: 자세하게 알려주세요.
[T05] 환자측: 특별한 원인은 모르겠어요.
[T06] 의료진: 양쪽 다리가 다 부었나요?
[T06] 환자측: 아니요, 오른쪽 다리만요.
[T07] 의료진: 앓고 있는 질병이 있나요?
[T07] 환자측: 당뇨병과 고혈압이요.
[T08] 의료진: 다리에 발적이나 열감이 있나요?
[T08] 환자측: 네, 발적과 열감이 있어요.
[T09] 의료진: 어디까지 부어있나요?
[T09] 환자측: 무릎 아래까지 부어있어요.
[T10] 의료진: 최근 벌레에 물리거나 한 적은 없나요?
[T10] 환자측: 아니요, 그런 적은 없어요.
[T11] 의료진: 활력징후와 특이사항 알려주세요.
[T11] 환자측: 활력징후: 혈압 140/85 mmHg, 맥박수 88회/분, 호흡수 18회/분, 체온 37.3℃, SPO2: 97%. 특이사항: 없어요.
[T12] 의료진: 다리 통증이 심한 정도는?
[T12] 환자측: NRS 6점이요.","[T01] 의료진: 십구 번 환자 분 들어오세요.
[T01] 환자측: 육십오 세 남자입니다.
[T02] 의료진: 어떤 증상으로 내원하셨나요?
[T02] 환자측: 다리가 붓고 아파요.
[T03] 의료진: 언제부터 다리가 부었나요?
[T03] 환자측: 삼 일 전부터요.
[T04] 의료진: 외상인가요?
[T04] 환자측: 아니요, 외상은 아니에요.
[T05] 의료진: 자세하게 알려주세요.
[T05] 환자측: 특별한 원인은 모르겠어요.
[T06] 의료진: 양쪽 다리가 다 부었나요?
[T06] 환자측: 아니요, 오른쪽 다리만요.
[T07] 의료진: 앓고 있는 질병이 있나요?
[T07] 환자측: 당뇨병과 고혈압이요.
[T08] 의료진: 다리에 발적이나 열감이 있나요?
[T08] 환자측: 네, 발적과 열감이 있어요.
[T09] 의료진: 어디까지 부어있나요?
[T09] 환자측: 무릎 아래까지 부어있어요.
[T10] 의료진: 최근 벌레에 물리거나 한 적은 없나요?
[T10] 환자측: 아니요, 그런 적은 없어요.
[T11] 의료진: 활력징후와 특이사항 알려주세요.
[T11] 환자측: 활력징후, 혈압 백사십에 팔십오 엠엠에이치지, 맥박수 분당 팔십팔 회, 호흡수 분당 십팔 회, 체온 삼십칠 점 삼 도, 에스피오투 구십칠 퍼센트. 특이사항, 없어요.
[T12] 의료진: 다리 통증이 심한 정도는?
[T12] 환자측: 엔알에스 육 점이요.",,,,,,
146,"[T01] 의료진: 14번 환자 분 들어오세요.
[T01] 환자측: 54세 여자예요.
[T02] 의료진: 어디가 아프셔서 오셨나요?
[T02] 환자측: 오른쪽 팔에 힘이 빠져서요.
[T03] 의료진: 언제부터 오른쪽 팔에 힘이 빠졌나요?
[T03] 환자측: 전날 밤 9시부터요.
[T04] 의료진: GCS를 알려주세요.
[T04] 환자측: GCS: 15점.
[T05] 의료진: 활력징후를 알려주세요.
[T05] 환자측: 혈압 140/90 mmHg, 맥박수 82회/분, 호흡수 18회/분, 체온 36.7℃, SPO2: 99%.
[T06] 의료진: 다른 신체부위에도 증상이 있나요?
[T06] 환자측: 아니요, 다른 부위는 괜찮아요.
[T07] 의료진: motor grade도 알려주세요.
[T07] 환자측: 오른쪽 팔 3/5, 나머지 부위 5/5.
[T08] 의료진: 팔 근력 저하 외 증상 있나요?
[T08] 환자측: 아니요, 다른 증상은 없어요.
[T09] 의료진: 외상은 있었나요?
[T09] 환자측: 아니요, 외상은 없었어요.
[T10] 의료진: 과거력 알려주세요.
[T10] 환자측: 고혈압, 고지혈증.
[T11] 의료진: 감각은 있나요?
[T11] 환자측: 네, 감각은 있어요.
[T12] 의료진: 최근에 운동하거나 무리하셨나요?
[T12] 환자측: 아니요, 특별히 무리한 일은 없었어요.
[T13] 의료진: 팔 힘이 더 약해지나요?
[T13] 환자측: 네, 점점 더 약해지는 것 같아요.
[T14] 의료진: 발병시간이 24시간 이내인가요?
[T14] 환자측: 네, 24시간 이내예요.","[T01] 의료진: 십사 번 환자 분 들어오세요.
[T01] 환자측: 오십사 세 여자예요.
[T02] 의료진: 어디가 아프셔서 오셨나요?
[T02] 환자측: 오른쪽 팔에 힘이 빠져서요.
[T03] 의료진: 언제부터 오른쪽 팔에 힘이 빠졌나요?
[T03] 환자측: 전날 밤 아홉 시부터요.
[T04] 의료진: 지씨에스를 알려주세요.
[T04] 환자측: 지씨에스 십오 점.
[T05] 의료진: 활력징후를 알려주세요.
[T05] 환자측: 혈압 백사십에 구십 엠엠에이치지, 맥박수 분당 팔십이 회, 호흡수 분당 십팔 회, 체온 삼십육 점 칠 도, 에스피오투 구십구 퍼센트.
[T06] 의료진: 다른 신체부위에도 증상이 있나요?
[T06] 환자측: 아니요, 다른 부위는 괜찮아요.
[T07] 의료진: 모터 그레이드도 알려주세요.
[T07] 환자측: 오른쪽 팔 오 분의 삼, 나머지 부위 오 분의 오.
[T08] 의료진: 팔 근력 저하 외 증상 있나요?
[T08] 환자측: 아니요, 다른 증상은 없어요.
[T09] 의료진: 외상은 있었나요?
[T09] 환자측: 아니요, 외상은 없었어요.
[T10] 의료진: 과거력 알려주세요.
[T10] 환자측: 고혈압, 고지혈증.
[T11] 의료진: 감각은 있나요?
[T11] 환자측: 네, 감각은 있어요.
[T12] 의료진: 최근에 운동하거나 무리하셨나요?
[T12] 환자측: 아니요, 특별히 무리한 일은 없었어요.
[T13] 의료진: 팔 힘이 더 약해지나요?
[T13] 환자측: 네, 점점 더 약해지는 것 같아요.
[T14] 의료진: 발병시간이 스물네 시간 이내인가요?
[T14] 환자측: 네, 스물네 시간 이내예요.",,,,,,
148,"[T01] 의료진: 18번 환자 분 들어오세요.
[T01] 환자측: 27세 남자입니다.
[T02] 의료진: 무엇때문에 오셨나요?
[T02] 환자측: 발작이 있었어요.
[T03] 의료진: 무슨 상황이었나요?
[T03] 환자측: 저녁에 회식 중 갑자기 발작이 시작됐어요.
[T04] 의료진: 원래 발작에 대한 과거력이 있나요?
[T04] 환자측: 네, 뇌전증 과거력이 있어요.
[T05] 의료진: 발작 지속시간과 양상은 어땠나요?
[T05] 환자측: 발작은 몇 분 정도 지속됐고 온몸이 경련했어요.
[T06] 의료진: 뇌전증 약 잘 복용하셨나요?
[T06] 환자측: 네, 꾸준히 복용했어요.
[T07] 의료진: 발작 후 의식은 어떤가요?
[T07] 환자측: 의식상태는 기면(stupor)입니다.
[T08] 의료진: GCS 알려주세요.
[T08] 환자측: GCS는 10점입니다.
[T09] 의료진: 활력징후알려주세요.
[T09] 환자측: 혈압 125/80 mmHg, 맥박수 88회/분, 호흡수 22회/분, 체온 37.2℃, SPO2 97%입니다.","[T01] 의료진: 십팔 번 환자 분 들어오세요.
[T01] 환자측: 이십칠 세 남자입니다.
[T02] 의료진: 무엇때문에 오셨나요?
[T02] 환자측: 발작이 있었어요.
[T03] 의료진: 무슨 상황이었나요?
[T03] 환자측: 저녁에 회식 중 갑자기 발작이 시작됐어요.
[T04] 의료진: 원래 발작에 대한 과거력이 있나요?
[T04] 환자측: 네, 뇌전증 과거력이 있어요.
[T05] 의료진: 발작 지속시간과 양상은 어땠나요?
[T05] 환자측: 발작은 몇 분 정도 지속됐고 온몸이 경련했어요.
[T06] 의료진: 뇌전증 약 잘 복용하셨나요?
[T06] 환자측: 네, 꾸준히 복용했어요.
[T07] 의료진: 발작 후 의식은 어떤가요?
[T07] 환자측: 의식상태는 기면 스투퍼입니다.
[T08] 의료진: 지씨에스 알려주세요.
[T08] 환자측: 지씨에스는 십 점입니다.
[T09] 의료진: 활력징후알려주세요.
[T09] 환자측: 혈압 백이십오에 팔십 엠엠에이치지, 맥박수 분당 팔십팔 회, 호흡수 분당 이십이 회, 체온 삼십칠 점 이 도, 에스피오투 구십칠 퍼센트입니다.",,,,,,
152,"[T01] 의료진: 7번 환자 분 들어오세요.
[T01] 환자측: 62세 남자요.
[T02] 의료진: 7번 환자의 증상은 무엇인가요?
[T02] 환자측: 가슴이 답답해서 왔어요.
[T03] 의료진: 언제부터 답답함을 느끼셨나요?
[T03] 환자측: 한 시간 전부터요.
[T04] 의료진: 과거력이 있나요?
[T04] 환자측: 고혈압이 있어요.
[T05] 의료진: 가슴 답답함 외 다른 증상 있나요?
[T05] 환자측: 숨이 조금 차요.
[T06] 의료진: 호흡곤란은 언제 시작되었나요?
[T06] 환자측: 가슴 답답함이 생기고 나서 바로 시작됐어요.
[T07] 의료진: 통증 위치가 어디인가요?
[T07] 환자측: 가슴 한가운데요.
[T08] 의료진: 호흡곤란이 점점 심해지나요?
[T08] 환자측: 네, 점점 심해져요.
[T09] 의료진: 활력징후 알려주세요.
[T09] 환자측: 혈압 160/95 mmHg, 맥박수 102회/분, 호흡수 24회/분, 체온 37.2℃, SPO2 94%요.
[T10] 의료진: 호흡곤란이 먼저 있었나요?
[T10] 환자측: 아니요, 가슴 답답함이 먼저였어요.
[T11] 의료진: 가슴통증도 동반되나요?
[T11] 환자측: 네, 꽉 조이는 느낌이에요.
[T12] 의료진: 통증 강도가 점점 심해지나요?
[T12] 환자측: 네, 점점 심해져요.
[T13] 의료진: 통증점수가 몇점인가요?
[T13] 환자측: NRS 8점이에요.","[T01] 의료진: 칠 번 환자 분 들어오세요.
[T01] 환자측: 육십이 세 남자요.
[T02] 의료진: 칠 번 환자의 증상은 무엇인가요?
[T02] 환자측: 가슴이 답답해서 왔어요.
[T03] 의료진: 언제부터 답답함을 느끼셨나요?
[T03] 환자측: 한 시간 전부터요.
[T04] 의료진: 과거력이 있나요?
[T04] 환자측: 고혈압이 있어요.
[T05] 의료진: 가슴 답답함 외 다른 증상 있나요?
[T05] 환자측: 숨이 조금 차요.
[T06] 의료진: 호흡곤란은 언제 시작되었나요?
[T06] 환자측: 가슴 답답함이 생기고 나서 바로 시작됐어요.
[T07] 의료진: 통증 위치가 어디인가요?
[T07] 환자측: 가슴 한가운데요.
[T08] 의료진: 호흡곤란이 점점 심해지나요?
[T08] 환자측: 네, 점점 심해져요.
[T09] 의료진: 활력징후 알려주세요.
[T09] 환자측: 혈압 백육십에 구십오 엠엠에이치지, 맥박수 분당 백이 회, 호흡수 분당 이십사 회, 체온 삼십칠 점 이 도, 에스피오투 구십사 퍼센트요.
[T10] 의료진: 호흡곤란이 먼저 있었나요?
[T10] 환자측: 아니요, 가슴 답답함이 먼저였어요.
[T11] 의료진: 가슴통증도 동반되나요?
[T11] 환자측: 네, 꽉 조이는 느낌이에요.
[T12] 의료진: 통증 강도가 점점 심해지나요?
[T12] 환자측: 네, 점점 심해져요.
[T13] 의료진: 통증점수가 몇점인가요?
[T13] 환자측: 엔알에스 팔 점이에요.",,,,,,
158,"[T01] 의료진: 4번 환자 분 들어오세요.
[T01] 환자측: 7개월 남자아이입니다.
[T02] 의료진: 어디가 어떻게 불편해서 오셨나요?
[T02] 환자측: 눈 주변이 부었고 쌕쌕거려요.
[T03] 의료진: 언제부터 그랬나요?
[T03] 환자측: 첫 이유식 먹고 나서부터요.
[T04] 의료진: 이전에 비슷한 증상이 있었나요?
[T04] 환자측: 이전에는 없었어요.
[T05] 의료진: 활력징후 알려줘.
[T05] 환자측: 혈압 80/50 mmHg, 맥박수 130회/분, 호흡수 30회/분, 체온 37.0℃, SPO2: 94%.
[T06] 의료진: 가지고 있는 알러지 있나요?
[T06] 환자측: 알러지 없어요.
[T07] 의료진: 과거력 알려주세요.
[T07] 환자측: 특별한 병력 없어요.
[T08] 의료진: 먹고 있는 약 알려주세요.
[T08] 환자측: 없어요.
[T09] 의료진: 몸통에 발진은 없나요?
[T09] 환자측: 네, 몸통에 발진은 없어요.
[T10] 의료진: 증상이 더 심해지고 있나요?
[T10] 환자측: 네, 점점 심해지는 것 같아요.","[T01] 의료진: 사 번 환자 분 들어오세요.
[T01] 환자측: 칠 개월 남자아이입니다.
[T02] 의료진: 어디가 어떻게 불편해서 오셨나요?
[T02] 환자측: 눈 주변이 부었고 쌕쌕거려요.
[T03] 의료진: 언제부터 그랬나요?
[T03] 환자측: 첫 이유식 먹고 나서부터요.
[T04] 의료진: 이전에 비슷한 증상이 있었나요?
[T04] 환자측: 이전에는 없었어요.
[T05] 의료진: 활력징후 알려줘.
[T05] 환자측: 혈압 팔십에 오십 엠엠에이치지, 맥박수 분당 백삼십 회, 호흡수 분당 삼십 회, 체온 삼십칠 점 영 도, 에스피오투 구십사 퍼센트.
[T06] 의료진: 가지고 있는 알러지 있나요?
[T06] 환자측: 알러지 없어요.
[T07] 의료진: 과거력 알려주세요.
[T07] 환자측: 특별한 병력 없어요.
[T08] 의료진: 먹고 있는 약 알려주세요.
[T08] 환자측: 없어요.
[T09] 의료진: 몸통에 발진은 없나요?
[T09] 환자측: 네, 몸통에 발진은 없어요.
[T10] 의료진: 증상이 더 심해지고 있나요?
[T10] 환자측: 네, 점점 심해지는 것 같아요.",,,,,,
160,"[T01] 의료진: 9번 환자 분 들어오세요.
[T01] 환자측: 28살 여자입니다.
[T02] 의료진: 어디가 어떻게 불편해서 오셨나요?
[T02] 환자측: 태동이 약해지고 감소한 것 같아요.
[T03] 의료진: 임신한지 몇주입니까?
[T03] 환자측: 임신 28주예요.
[T04] 의료진: 태동이 언제부터 약해졌나요?
[T04] 환자측: 오늘 오후부터 태동이 약해졌어요.
[T05] 의료진: 복통이나 질출혈은 없나요?
[T05] 환자측: 복통이나 질출혈은 없어요.
[T06] 의료진: 활력징후를 알려주세요.
[T06] 환자측: 혈압 115/75 mmHg, 맥박수 80회/분, 호흡수 18회/분, 체온 36.8℃, SPO2: 98%입니다.
[T07] 의료진: 과거력을 알려주세요.
[T07] 환자측: 특별한 병력 없어요.
[T08] 의료진: 먹는 약이 있나요?
[T08] 환자측: 철분제와 엽산 복용 중이에요.
[T09] 의료진: 외상이나 특별한 이벤트는 없었나요?
[T09] 환자측: 네, 외상이나 특별한 이벤트는 없었어요.
[T10] 의료진: 양수가 나오진 않았나요?
[T10] 환자측: 양수도 나오지 않았어요.","[T01] 의료진: 구 번 환자 분 들어오세요.
[T01] 환자측: 스물여덟 살 여자입니다.
[T02] 의료진: 어디가 어떻게 불편해서 오셨나요?
[T02] 환자측: 태동이 약해지고 감소한 것 같아요.
[T03] 의료진: 임신한지 몇주입니까?
[T03] 환자측: 임신 이십팔 주예요.
[T04] 의료진: 태동이 언제부터 약해졌나요?
[T04] 환자측: 오늘 오후부터 태동이 약해졌어요.
[T05] 의료진: 복통이나 질출혈은 없나요?
[T05] 환자측: 복통이나 질출혈은 없어요.
[T06] 의료진: 활력징후를 알려주세요.
[T06] 환자측: 혈압 백십오에 칠십오 엠엠에이치지, 맥박수 분당 팔십 회, 호흡수 분당 십팔 회, 체온 삼십육 점 팔 도, 에스피오투 구십팔 퍼센트입니다.
[T07] 의료진: 과거력을 알려주세요.
[T07] 환자측: 특별한 병력 없어요.
[T08] 의료진: 먹는 약이 있나요?
[T08] 환자측: 철분제와 엽산 복용 중이에요.
[T09] 의료진: 외상이나 특별한 이벤트는 없었나요?
[T09] 환자측: 네, 외상이나 특별한 이벤트는 없었어요.
[T10] 의료진: 양수가 나오진 않았나요?
[T10] 환자측: 양수도 나오지 않았어요.",,,,,,
166,"[T01] 의료진: 4번 환자 분 들어오세요.
[T01] 환자측: 25세 여자예요.
[T02] 의료진: 네 안녕하세요 어디가 아파서 오셨어요?
[T02] 환자측: 배가 너무 아파서 왔어요.
[T03] 의료진: 통증 0~10점 기준 몇점인가요?
[T03] 환자측: NRS 8점이에요.
[T04] 의료진: 설사나 구역, 구토 등의 다른 증상은 없나요?
[T04] 환자측: 구토를 했어요.
[T05] 의료진: 몇 번 하셨나요?
[T05] 환자측: 두 번 했어요.
[T06] 의료진: 피부 상태는 어떤가요?
[T06] 환자측: 창백하고 축축해요.
[T07] 의료진: 활력징후 알려주세요.
[T07] 환자측: 혈압 100/60 mmHg, 맥박수 110회/분, 호흡수 22회/분, 체온 37.5℃, SPO2 97%예요.
[T08] 의료진: 혹시 임산부인가요?
[T08] 환자측: 아니에요.
[T09] 의료진: 아픈 통증 부위가 배 어느 쪽인가요?
[T09] 환자측: 오른쪽 아랫배가 아파요.
[T10] 의료진: 네 알겠습니다. 잠시만 계시면 진료보실 수 있도록 도와드릴게요.
[T10] 환자측: 네... 감사합니다.","[T01] 의료진: 사 번 환자 분 들어오세요.
[T01] 환자측: 이십오 세 여자예요.
[T02] 의료진: 네 안녕하세요 어디가 아파서 오셨어요?
[T02] 환자측: 배가 너무 아파서 왔어요.
[T03] 의료진: 통증 영에서 십 점 기준 몇점인가요?
[T03] 환자측: 엔알에스 팔 점이에요.
[T04] 의료진: 설사나 구역, 구토 등의 다른 증상은 없나요?
[T04] 환자측: 구토를 했어요.
[T05] 의료진: 몇 번 하셨나요?
[T05] 환자측: 두 번 했어요.
[T06] 의료진: 피부 상태는 어떤가요?
[T06] 환자측: 창백하고 축축해요.
[T07] 의료진: 활력징후 알려주세요.
[T07] 환자측: 혈압 백에 육십 엠엠에이치지, 맥박수 분당 백십 회, 호흡수 분당 이십이 회, 체온 삼십칠 점 오 도, 에스피오투 구십칠 퍼센트예요.
[T08] 의료진: 혹시 임산부인가요?
[T08] 환자측: 아니에요.
[T09] 의료진: 아픈 통증 부위가 배 어느 쪽인가요?
[T09] 환자측: 오른쪽 아랫배가 아파요.
[T10] 의료진: 네 알겠습니다. 잠시만 계시면 진료보실 수 있도록 도와드릴게요.
[T10] 환자측: 네... 감사합니다.",,,,,,
176,"[T01] 의료진: 9번 환자 분 들어오세요.
[T01] 환자측: 34세 남자예요.
[T02] 의료진: 어디 아파서 오셨어요?
[T02] 환자측: 감전 사고로 왔어요.
[T03] 의료진: 정확히 상황 설명 가능할까요?
[T03] 환자측: 작업 중 전선 코드를 정리하다가 감전됐어요.
[T04] 의료진: 어떤 증상이나 통증이 있나요?
[T04] 환자측: 손이 저리고 화끈거려요.
[T05] 의료진: 감전 부위에 화상은 없나요?
[T05] 환자측: 네, 화상은 없어요.
[T06] 의료진: 통증은 없나요?
[T06] 환자측: 통증은 조금 있어요.
[T07] 의료진: NRS 몇점인가요?
[T07] 환자측: NRS: 4점.
[T08] 의료진: 지금 현재 어지러우신가요?
[T08] 환자측: 아니요, 어지럽진 않아요.
[T09] 의료진: V/S 알려주세요.
[T09] 환자측: 혈압 120/80 mmHg, 맥박수 75회/분, 호흡수 18회/분, 체온 36.6℃, SPO2: 99%.
[T10] 의료진: 감전 후 손 움직임 어떠세요?
[T10] 환자측: 조금 뻣뻣하지만 움직일 수는 있어요.
[T11] 의료진: 감각은 다 있으세요?
[T11] 환자측: 네, 감각은 다 있어요.
[T12] 의료진: 감전 후 근육 경련이 있나요?
[T12] 환자측: 아니요, 근육 경련은 없었어요.
[T13] 의료진: 피부손상이 있으신가요?
[T13] 환자측: 아니요, 피부 손상은 없어요.
[T14] 의료진: 다른 불편한 증상 있으신가요?
[T14] 환자측: 아니요, 다른 증상은 없어요.
[T15] 의료진: 어떤 치료를 원하십니까?
[T15] 환자측: 손이 저리니까 검사랑 치료를 받고 싶어요.","[T01] 의료진: 구 번 환자 분 들어오세요.
[T01] 환자측: 삼십사 세 남자예요.
[T02] 의료진: 어디 아파서 오셨어요?
[T02] 환자측: 감전 사고로 왔어요.
[T03] 의료진: 정확히 상황 설명 가능할까요?
[T03] 환자측: 작업 중 전선 코드를 정리하다가 감전됐어요.
[T04] 의료진: 어떤 증상이나 통증이 있나요?
[T04] 환자측: 손이 저리고 화끈거려요.
[T05] 의료진: 감전 부위에 화상은 없나요?
[T05] 환자측: 네, 화상은 없어요.
[T06] 의료진: 통증은 없나요?
[T06] 환자측: 통증은 조금 있어요.
[T07] 의료진: 엔알에스 몇점인가요?
[T07] 환자측: 엔알에스 사 점.
[T08] 의료진: 지금 현재 어지러우신가요?
[T08] 환자측: 아니요, 어지럽진 않아요.
[T09] 의료진: 브이에스 알려주세요.
[T09] 환자측: 혈압 백이십에 팔십 엠엠에이치지, 맥박수 분당 칠십오 회, 호흡수 분당 십팔 회, 체온 삼십육 점 육 도, 에스피오투 구십구 퍼센트.
[T10] 의료진: 감전 후 손 움직임 어떠세요?
[T10] 환자측: 조금 뻣뻣하지만 움직일 수는 있어요.
[T11] 의료진: 감각은 다 있으세요?
[T11] 환자측: 네, 감각은 다 있어요.
[T12] 의료진: 감전 후 근육 경련이 있나요?
[T12] 환자측: 아니요, 근육 경련은 없었어요.
[T13] 의료진: 피부손상이 있으신가요?
[T13] 환자측: 아니요, 피부 손상은 없어요.
[T14] 의료진: 다른 불편한 증상 있으신가요?
[T14] 환자측: 아니요, 다른 증상은 없어요.
[T15] 의료진: 어떤 치료를 원하십니까?
[T15] 환자측: 손이 저리니까 검사랑 치료를 받고 싶어요.",,,,,,
183,"[T01] 의료진: 52번 환자 분 들어오세요.
[T01] 환자측: 52세 여자입니다.
[T02] 의료진: 어디가 아파서 왔나요?
[T02] 환자측: 눈이 아파요.
[T03] 의료진: 어떻게 아픈가요?
[T03] 환자측: 갑자기 통증이 생겼어요.
[T04] 의료진: 뭐하고 있었나요?
[T04] 환자측: 특별히 아무것도 안 하고 있었어요.
[T05] 의료진: 어느쪽 눈이 어떻게 아프세요?
[T05] 환자측: 오른쪽 눈이 갑자기 아파요.
[T06] 의료진: 활력징후 알려주세요.
[T06] 환자측: 혈압 130/80 mmHg, 맥박수 88회/분, 호흡수 20회/분, 체온 36.8℃, SPO2 98%입니다.
[T07] 의료진: 통증점수 알려주세요.
[T07] 환자측: 통증점수는 NRS 5점입니다.
[T08] 의료진: 시야가 흐릿하게 보이거나 다른 증상이 있나요?
[T08] 환자측: 시야가 흐릿하게 보여요.
[T09] 의료진: 통증을 자세히 설명해주세요.
[T09] 환자측: 눈 안쪽이 욱신거리고 찌르는 듯한 통증이에요.
[T10] 의료진: 눈에 대한 외상이 있었나요?
[T10] 환자측: 아니요, 외상은 없었어요.
[T11] 의료진: 통증이 먼저 시작되었나요, 시야가 먼저 흐릿하게 보였나요?
[T11] 환자측: 통증이 먼저 시작됐어요.","[T01] 의료진: 오십이 번 환자 분 들어오세요.
[T01] 환자측: 오십이 세 여자입니다.
[T02] 의료진: 어디가 아파서 왔나요?
[T02] 환자측: 눈이 아파요.
[T03] 의료진: 어떻게 아픈가요?
[T03] 환자측: 갑자기 통증이 생겼어요.
[T04] 의료진: 뭐하고 있었나요?
[T04] 환자측: 특별히 아무것도 안 하고 있었어요.
[T05] 의료진: 어느쪽 눈이 어떻게 아프세요?
[T05] 환자측: 오른쪽 눈이 갑자기 아파요.
[T06] 의료진: 활력징후 알려주세요.
[T06] 환자측: 혈압 백삼십에 팔십 엠엠에이치지, 맥박수 분당 팔십팔 회, 호흡수 분당 이십 회, 체온 삼십육 점 팔 도, 에스피오투 구십팔 퍼센트입니다.
[T07] 의료진: 통증점수 알려주세요.
[T07] 환자측: 통증점수는 엔알에스 오 점입니다.
[T08] 의료진: 시야가 흐릿하게 보이거나 다른 증상이 있나요?
[T08] 환자측: 시야가 흐릿하게 보여요.
[T09] 의료진: 통증을 자세히 설명해주세요.
[T09] 환자측: 눈 안쪽이 욱신거리고 찌르는 듯한 통증이에요.
[T10] 의료진: 눈에 대한 외상이 있었나요?
[T10] 환자측: 아니요, 외상은 없었어요.
[T11] 의료진: 통증이 먼저 시작되었나요, 시야가 먼저 흐릿하게 보였나요?
[T11] 환자측: 통증이 먼저 시작됐어요.",,,,,,
205,"[T01] 의료진: 13번 환자 분 들어오세요.
[T01] 환자측: 55세 여자요.
[T02] 의료진: 어떤 증상이 불편하신가요?
[T02] 환자측: 다리가 붓고 아파요.
[T03] 의료진: 통증이 언제부터 시작되었나요?
[T03] 환자측: 삼일 전부터요.
[T04] 의료진: 최근에 다리를 다치셨나요?
[T04] 환자측: 아니요, 다친 적 없어요.
[T05] 의료진: 부종이 점점 심해지나요?
[T05] 환자측: 네, 점점 심해졌어요.
[T06] 의료진: 양쪽 다리가 다 그런가요?
[T06] 환자측: 아니요, 오른쪽 다리만 그래요.
[T07] 의료진: 다리 눌렀을 때 자국 남나요?
[T07] 환자측: 네, 자국이 남아요.
[T08] 의료진: 최근 장거리 여행하셨나요?
[T08] 환자측: 네, 버스로 오래 이동했어요.
[T09] 의료진: 최근 혈전 진단받은 적 있나요?
[T09] 환자측: 아니요, 없어요.
[T10] 의료진: 최근 약물 복용 변화가 있었나요?
[T10] 환자측: 네, 피임약 시작했어요.
[T11] 의료진: 혈액검사 결과 확인해 보셨나요?
[T11] 환자측: 아니요, 아직 못 봤어요.
[T12] 의료진: 숨이 차거나 그러진 않아요?
[T12] 환자측: 네, 숨 차진 않아요.
[T13] 의료진: 활력징후 알려주세요.
[T13] 환자측: 혈압 128/82 mmHg, 맥박수 78 회/분, 호흡수 18 회/분, 체온 36.8℃, SPO2 98%요.","[T01] 의료진: 십삼 번 환자 분 들어오세요.
[T01] 환자측: 오십오 세 여자요.
[T02] 의료진: 어떤 증상이 불편하신가요?
[T02] 환자측: 다리가 붓고 아파요.
[T03] 의료진: 통증이 언제부터 시작되었나요?
[T03] 환자측: 삼일 전부터요.
[T04] 의료진: 최근에 다리를 다치셨나요?
[T04] 환자측: 아니요, 다친 적 없어요.
[T05] 의료진: 부종이 점점 심해지나요?
[T05] 환자측: 네, 점점 심해졌어요.
[T06] 의료진: 양쪽 다리가 다 그런가요?
[T06] 환자측: 아니요, 오른쪽 다리만 그래요.
[T07] 의료진: 다리 눌렀을 때 자국 남나요?
[T07] 환자측: 네, 자국이 남아요.
[T08] 의료진: 최근 장거리 여행하셨나요?
[T08] 환자측: 네, 버스로 오래 이동했어요.
[T09] 의료진: 최근 혈전 진단받은 적 있나요?
[T09] 환자측: 아니요, 없어요.
[T10] 의료진: 최근 약물 복용 변화가 있었나요?
[T10] 환자측: 네, 피임약 시작했어요.
[T11] 의료진: 혈액검사 결과 확인해 보셨나요?
[T11] 환자측: 아니요, 아직 못 봤어요.
[T12] 의료진: 숨이 차거나 그러진 않아요?
[T12] 환자측: 네, 숨 차진 않아요.
[T13] 의료진: 활력징후 알려주세요.
[T13] 환자측: 혈압 백이십팔에 팔십이 엠엠에이치지, 맥박수 분당 칠십팔 회, 호흡수 분당 십팔 회, 체온 삼십육 점 팔 도, 에스피오투 구십팔 퍼센트요.",,,,,,
218,"[T01] 의료진: 10번 환자 분 들어오세요.
[T01] 환자측: 네, 40세 여자예요.
[T02] 의료진: 어디가 불편해서 오셨나요?
[T02] 환자측: 두통이 심해서 왔어요.
[T03] 의료진: 언제부터 두통이 시작되셨나요?
[T03] 환자측: 어젯밤부터 아팠어요.
[T04] 의료진: 다른 증상도 함께 있으신가요?
[T04] 환자측: 어지럽고 메스꺼워요.
[T05] 의료진: 외상력이 있나요?
[T05] 환자측: 아니요, 없어요.
[T06] 의료진: 통증 점수 알려줘
[T06] 환자측: NRS 7점이에요.
[T07] 의료진: 활력징후 알려줘
[T07] 환자측: 혈압 140/90 mmHg, 맥박수 88 회/분, 호흡수 18 회/분, 체온 36.8 ℃, SPO2 97%예요.
[T08] 의료진: 과거력 있으신가요?
[T08] 환자측: 편두통이 있어요.
[T09] 의료진: GCS 알려줘
[T09] 환자측: 15점이에요.
[T10] 의료진: 약 드셨는데 효과가 있었나요?
[T10] 환자측: 아니요, 별로 효과가 없었어요.
[T11] 의료진: 편두통으로 진료 보신 적 있나요?
[T11] 환자측: 네, 예전에 병원에서 진료받았어요.
[T12] 의료진: 평소 겪는 편두통과 비슷한 양상일까요?
[T12] 환자측: 아니요, 이번엔 더 심해요.","[T01] 의료진: 십 번 환자 분 들어오세요.
[T01] 환자측: 네, 사십 세 여자예요.
[T02] 의료진: 어디가 불편해서 오셨나요?
[T02] 환자측: 두통이 심해서 왔어요.
[T03] 의료진: 언제부터 두통이 시작되셨나요?
[T03] 환자측: 어젯밤부터 아팠어요.
[T04] 의료진: 다른 증상도 함께 있으신가요?
[T04] 환자측: 어지럽고 메스꺼워요.
[T05] 의료진: 외상력이 있나요?
[T05] 환자측: 아니요, 없어요.
[T06] 의료진: 통증 점수 알려줘
[T06] 환자측: 엔알에스 칠 점이에요.
[T07] 의료진: 활력징후 알려줘
[T07] 환자측: 혈압 백사십에 구십 엠엠에이치지, 맥박수 분당 팔십팔 회, 호흡수 분당 십팔 회, 체온 삼십육 점 팔 도, 에스피오투 구십칠 퍼센트예요.
[T08] 의료진: 과거력 있으신가요?
[T08] 환자측: 편두통이 있어요.
[T09] 의료진: 지씨에스 알려줘
[T09] 환자측: 십오 점이에요.
[T10] 의료진: 약 드셨는데 효과가 있었나요?
[T10] 환자측: 아니요, 별로 효과가 없었어요.
[T11] 의료진: 편두통으로 진료 보신 적 있나요?
[T11] 환자측: 네, 예전에 병원에서 진료받았어요.
[T12] 의료진: 평소 겪는 편두통과 비슷한 양상일까요?
[T12] 환자측: 아니요, 이번엔 더 심해요.",,,,,,
221,"[T01] 의료진: 16번 환자 분 들어오세요.
[T01] 환자측: 42세 여자입니다.
[T02] 의료진: 어디가 아파서 오셨나요?
[T02] 환자측: 복통 때문에요.
[T03] 의료진: 배 어느 부분이 아프실까요?
[T03] 환자측: 아랫배가 아파요.
[T04] 의료진: 언제부터 아프셨나요?
[T04] 환자측: 이틀 전부터요.
[T05] 의료진: 생리 중이실까요?
[T05] 환자측: 아니요, 끝난 지 일주일 됐어요.
[T06] 의료진: 마지막으로 대변은 언제 보셨어요?
[T06] 환자측: 어제 봤어요.
[T07] 의료진: 통증점수 알려줘.
[T07] 환자측: NRS 5점.
[T08] 의료진: 활력징후 알려줘.
[T08] 환자측: 혈압 110/70 mmHg, 맥박수 78회/분, 호흡수 18회/분, 체온 36.8℃, SPO2 98%.
[T09] 의료진: 과거력이 있으신가요?
[T09] 환자측: 없어요.
[T10] 의료진: 복통 외 다른 증상 있을까요?
[T10] 환자측: 소변 볼 때 따가워요.
[T11] 의료진: 소변색은 어땠나요?
[T11] 환자측: 좀 진했어요.","[T01] 의료진: 십육 번 환자 분 들어오세요.
[T01] 환자측: 사십이 세 여자입니다.
[T02] 의료진: 어디가 아파서 오셨나요?
[T02] 환자측: 복통 때문에요.
[T03] 의료진: 배 어느 부분이 아프실까요?
[T03] 환자측: 아랫배가 아파요.
[T04] 의료진: 언제부터 아프셨나요?
[T04] 환자측: 이틀 전부터요.
[T05] 의료진: 생리 중이실까요?
[T05] 환자측: 아니요, 끝난 지 일주일 됐어요.
[T06] 의료진: 마지막으로 대변은 언제 보셨어요?
[T06] 환자측: 어제 봤어요.
[T07] 의료진: 통증점수 알려줘.
[T07] 환자측: 엔알에스 오 점.
[T08] 의료진: 활력징후 알려줘.
[T08] 환자측: 혈압 백십에 칠십 엠엠에이치지, 맥박수 분당 칠십팔 회, 호흡수 분당 십팔 회, 체온 삼십육 점 팔 도, 에스피오투 구십팔 퍼센트.
[T09] 의료진: 과거력이 있으신가요?
[T09] 환자측: 없어요.
[T10] 의료진: 복통 외 다른 증상 있을까요?
[T10] 환자측: 소변 볼 때 따가워요.
[T11] 의료진: 소변색은 어땠나요?
[T11] 환자측: 좀 진했어요.",,,,,,
234,"[T01] 의료진: 19번 환자 분 들어오세요.
[T01] 환자측: 75살 남자입니다.
[T02] 의료진: 어디가 어떻게 불편하신가요?
[T02] 환자측: 기운이 없고 식사를 잘 못해서 왔어요.
[T03] 의료진: 과거력 알려주세요.
[T03] 환자측: 과거력: 고혈압과 당뇨병이 있어요.
[T04] 의료진: 복용 중인 약이 있나요?
[T04] 환자측: 혈압약과 당뇨약 복용 중이에요.
[T05] 의료진: 활력징후를 알려주세요.
[T05] 환자측: 혈압 140/90 mmHg, 맥박수 78회/분, 호흡수 18회/분, 체온 36.6℃, SPO2: 97%.
[T06] 의료진: 기력저하와 식사량 감소가 생긴지 얼마나 됐나요?
[T06] 환자측: 한 달 전부터 기운이 없고 식사량이 줄었어요.
[T07] 의료진: 손발이 저리거나 어지럽거나 다른 증상은 없나요?
[T07] 환자측: 손발 저림이나 어지러움은 없어요. 다른 증상도 없어요.
[T08] 의료진: 최근에 몸무게가 급격히 줄지는 않았나요?
[T08] 환자측: 네, 최근 한 달 동안 몸무게가 약 5kg 정도 줄었어요.
[T09] 의료진: 보행이 어렵거나 구토, 설사 등의 증상은 없나요?
[T09] 환자측: 보행은 괜찮고 구토나 설사 같은 증상도 없어요.","[T01] 의료진: 십구 번 환자 분 들어오세요.
[T01] 환자측: 일흔다섯 살 남자입니다.
[T02] 의료진: 어디가 어떻게 불편하신가요?
[T02] 환자측: 기운이 없고 식사를 잘 못해서 왔어요.
[T03] 의료진: 과거력 알려주세요.
[T03] 환자측: 과거력, 고혈압과 당뇨병이 있어요.
[T04] 의료진: 복용 중인 약이 있나요?
[T04] 환자측: 혈압약과 당뇨약 복용 중이에요.
[T05] 의료진: 활력징후를 알려주세요.
[T05] 환자측: 혈압 백사십에 구십 엠엠에이치지, 맥박수 분당 칠십팔 회, 호흡수 분당 십팔 회, 체온 삼십육 점 육 도, 에스피오투 구십칠 퍼센트.
[T06] 의료진: 기력저하와 식사량 감소가 생긴지 얼마나 됐나요?
[T06] 환자측: 한 달 전부터 기운이 없고 식사량이 줄었어요.
[T07] 의료진: 손발이 저리거나 어지럽거나 다른 증상은 없나요?
[T07] 환자측: 손발 저림이나 어지러움은 없어요. 다른 증상도 없어요.
[T08] 의료진: 최근에 몸무게가 급격히 줄지는 않았나요?
[T08] 환자측: 네, 최근 한 달 동안 몸무게가 약 오 킬로그램 정도 줄었어요.
[T09] 의료진: 보행이 어렵거나 구토, 설사 등의 증상은 없나요?
[T09] 환자측: 보행은 괜찮고 구토나 설사 같은 증상도 없어요.",,,,,,
263,"[T01] 의료진: 5번 환자 분 들어오세요.
[T01] 환자측: 52세 남자입니다.
[T02] 의료진: 어디가 아파서 오셨나요?
[T02] 환자측: 목에 뭔가 걸린 느낌이 들어요.
[T03] 의료진: 어떤 음식 드시다가 생긴 건가요?
[T03] 환자측: 고등어구이를 먹다가 그랬어요.
[T04] 의료진: 목 불편감 언제부터 시작됐나요?
[T04] 환자측: 식사 중에 바로 시작됐어요.
[T05] 의료진: 음식 삼키기 어렵진 않으신가요?
[T05] 환자측: 네, 삼키기는 가능해요.
[T06] 의료진: 활력징후 알려줘
[T06] 환자측: 혈압 130/85 mmHg, 맥박수 80회/분, 호흡수 18회/분, 체온 36.7℃, SPO2 98%예요.
[T07] 의료진: 통증 점수 알려줘
[T07] 환자측: NRS 3점이에요.
[T08] 의료진: 이물감 외 다른 증상 있을까요?
[T08] 환자측: 아니요, 다른 증상은 없어요.","[T01] 의료진: 오 번 환자 분 들어오세요.
[T01] 환자측: 오십이 세 남자입니다.
[T02] 의료진: 어디가 아파서 오셨나요?
[T02] 환자측: 목에 뭔가 걸린 느낌이 들어요.
[T03] 의료진: 어떤 음식 드시다가 생긴 건가요?
[T03] 환자측: 고등어구이를 먹다가 그랬어요.
[T04] 의료진: 목 불편감 언제부터 시작됐나요?
[T04] 환자측: 식사 중에 바로 시작됐어요.
[T05] 의료진: 음식 삼키기 어렵진 않으신가요?
[T05] 환자측: 네, 삼키기는 가능해요.
[T06] 의료진: 활력징후 알려줘
[T06] 환자측: 혈압 백삼십에 팔십오 엠엠에이치지, 맥박수 분당 팔십 회, 호흡수 분당 십팔 회, 체온 삼십육 점 칠 도, 에스피오투 구십팔 퍼센트예요.
[T07] 의료진: 통증 점수 알려줘
[T07] 환자측: 엔알에스 삼 점이에요.
[T08] 의료진: 이물감 외 다른 증상 있을까요?
[T08] 환자측: 아니요, 다른 증상은 없어요.",,,,,,
264,"[T01] 의료진: 14번 환자 분 들어오세요.
[T01] 환자측: 41세 남자예요.
[T02] 의료진: 네 안녕하세요 어디가 아파서 오셨어요?
[T02] 환자측: 가슴이 답답하고 숨이 차요.
[T03] 의료진: 이런적 처음인가요?
[T03] 환자측: 아니요, 예전에 한 번 있었어요.
[T04] 의료진: 활력징후 알려주세요.
[T04] 환자측: 혈압 135/88 mmHg, 맥박수 95회/분, 호흡수 22회/분, 체온 37.0℃, SPO2 96%예요.
[T05] 의료진: 이전에 비슷한 증상으로 응급실 내원시, 어떤 진단을 받았고 어떤 처치를 받았나요?
[T05] 환자측: 공황발작 진단받고 안정제 처방받았어요.
[T06] 의료진: 앓고있는 질병이나 질환은 없으세요?
[T06] 환자측: 네, 없어요.
[T07] 의료진: 답답함 및 숨참은 이전과 비슷한 양상인가요?
[T07] 환자측: 네, 비슷해요.
[T08] 의료진: 환자 불안하게 보이나요?
[T08] 환자측: 네, 좀 불안해 보이고 안절부절못해요.
[T09] 의료진: 가만히 앉아있을 수 있나요?
[T09] 환자측: 네, 앉아있을 수는 있어요.
[T10] 의료진: 네 알겠습니다. 진료보실수있게 도와드릴게요. 잠시만 기다려주세요.
[T10] 환자측: 네... 감사합니다.","[T01] 의료진: 십사 번 환자 분 들어오세요.
[T01] 환자측: 사십일 세 남자예요.
[T02] 의료진: 네 안녕하세요 어디가 아파서 오셨어요?
[T02] 환자측: 가슴이 답답하고 숨이 차요.
[T03] 의료진: 이런적 처음인가요?
[T03] 환자측: 아니요, 예전에 한 번 있었어요.
[T04] 의료진: 활력징후 알려주세요.
[T04] 환자측: 혈압 백삼십오에 팔십팔 엠엠에이치지, 맥박수 분당 구십오 회, 호흡수 분당 이십이 회, 체온 삼십칠 점 영 도, 에스피오투 구십육 퍼센트예요.
[T05] 의료진: 이전에 비슷한 증상으로 응급실 내원시, 어떤 진단을 받았고 어떤 처치를 받았나요?
[T05] 환자측: 공황발작 진단받고 안정제 처방받았어요.
[T06] 의료진: 앓고있는 질병이나 질환은 없으세요?
[T06] 환자측: 네, 없어요.
[T07] 의료진: 답답함 및 숨참은 이전과 비슷한 양상인가요?
[T07] 환자측: 네, 비슷해요.
[T08] 의료진: 환자 불안하게 보이나요?
[T08] 환자측: 네, 좀 불안해 보이고 안절부절못해요.
[T09] 의료진: 가만히 앉아있을 수 있나요?
[T09] 환자측: 네, 앉아있을 수는 있어요.
[T10] 의료진: 네 알겠습니다. 진료보실수있게 도와드릴게요. 잠시만 기다려주세요.
[T10] 환자측: 네... 감사합니다.",,,,,,
281,"[T01] 의료진: 20번 환자 분 들어오세요.
[T01] 환자측: 27세 여자입니다.
[T02] 의료진: 어디가 불편하세요?
[T02] 환자측: 질출혈이 있어요.
[T03] 의료진: 언제부터 출혈이 시작되었나요?
[T03] 환자측: 오늘 퇴근 후부터요.
[T04] 의료진: 출혈의 양은 어느 정도인가요?
[T04] 환자측: 생리 때보다 조금 적은 정도예요.
[T05] 의료진: 최근 월경 주기에 변화 있었나요?
[T05] 환자측: 네, 최근 월경 주기가 조금 불규칙했어요.
[T06] 의료진: 출혈 외 다른 증상 있나요?
[T06] 환자측: 네, 약간의 복통이 있어요.
[T07] 의료진: 복통의 강도는 어느 정도인가요?
[T07] 환자측: 강도는 NRS 3점 정도예요.
[T08] 의료진: 아랫배가 아픈가요?
[T08] 환자측: 네, 아랫배가 조금 아파요.
[T09] 의료진: 활력징후를 알려주세요
[T09] 환자측: 혈압 120/75 mmHg, 맥박수 78 회/분, 호흡수 18 회/분, 체온 36.7 ℃, SPO2 98%.","[T01] 의료진: 이십 번 환자 분 들어오세요.
[T01] 환자측: 이십칠 세 여자입니다.
[T02] 의료진: 어디가 불편하세요?
[T02] 환자측: 질출혈이 있어요.
[T03] 의료진: 언제부터 출혈이 시작되었나요?
[T03] 환자측: 오늘 퇴근 후부터요.
[T04] 의료진: 출혈의 양은 어느 정도인가요?
[T04] 환자측: 생리 때보다 조금 적은 정도예요.
[T05] 의료진: 최근 월경 주기에 변화 있었나요?
[T05] 환자측: 네, 최근 월경 주기가 조금 불규칙했어요.
[T06] 의료진: 출혈 외 다른 증상 있나요?
[T06] 환자측: 네, 약간의 복통이 있어요.
[T07] 의료진: 복통의 강도는 어느 정도인가요?
[T07] 환자측: 강도는 엔알에스 삼 점 정도예요.
[T08] 의료진: 아랫배가 아픈가요?
[T08] 환자측: 네, 아랫배가 조금 아파요.
[T09] 의료진: 활력징후를 알려주세요
[T09] 환자측: 혈압 백이십에 칠십오 엠엠에이치지, 맥박수 분당 칠십팔 회, 호흡수 분당 십팔 회, 체온 삼십육 점 칠 도, 에스피오투 구십팔 퍼센트.",,,,,,
316,"[T01] 의료진: 2번 환자 분 들어오세요.
[T01] 환자측: 2세 여자입니다.
[T02] 의료진: 어디가 아파서 왔나요?
[T02] 환자측: 발진이 생겼어요.
[T03] 의료진: 어디에 생겼나요?
[T03] 환자측: 전신에 발진이 생겼어요.
[T04] 의료진: 다른 동반되는 증상이 있을까요?
[T04] 환자측: 열이 나요.
[T05] 의료진: 열이랑 발열이 언제부터 났나요?
[T05] 환자측: 내원 전일부터요.
[T06] 의료진: 발열이 언제부터?
[T06] 환자측: 어제부터요.
[T07] 의료진: 발진과 발열이 동시에 난건가요?
[T07] 환자측: 네, 동시에 시작됐어요.
[T08] 의료진: 특별하게 먹은 음식 있나요?
[T08] 환자측: 아니요, 없었어요.
[T09] 의료진: 숨쉬기 힘들어보이나요?
[T09] 환자측: 아니요, 괜찮아요.
[T10] 의료진: 활력징후 알려줘.
[T10] 환자측: 혈압 90/60 mmHg, 맥박수 120회/분, 호흡수 30회/분, 체온 39.0℃, SPO2 99%입니다.
[T11] 의료진: 발진 양상이 어떤가요?
[T11] 환자측: 전신에 붉은 반점으로 퍼져 있어요.
[T12] 의료진: 최근 예방접종 한 적 있나요?
[T12] 환자측: 아니요, 없어요.
[T13] 의료진: 벌레에 물리거나 한 적 있나요?
[T13] 환자측: 아니요, 없었어요.","[T01] 의료진: 이 번 환자 분 들어오세요.
[T01] 환자측: 이 세 여자입니다.
[T02] 의료진: 어디가 아파서 왔나요?
[T02] 환자측: 발진이 생겼어요.
[T03] 의료진: 어디에 생겼나요?
[T03] 환자측: 전신에 발진이 생겼어요.
[T04] 의료진: 다른 동반되는 증상이 있을까요?
[T04] 환자측: 열이 나요.
[T05] 의료진: 열이랑 발열이 언제부터 났나요?
[T05] 환자측: 내원 전일부터요.
[T06] 의료진: 발열이 언제부터?
[T06] 환자측: 어제부터요.
[T07] 의료진: 발진과 발열이 동시에 난건가요?
[T07] 환자측: 네, 동시에 시작됐어요.
[T08] 의료진: 특별하게 먹은 음식 있나요?
[T08] 환자측: 아니요, 없었어요.
[T09] 의료진: 숨쉬기 힘들어보이나요?
[T09] 환자측: 아니요, 괜찮아요.
[T10] 의료진: 활력징후 알려줘.
[T10] 환자측: 혈압 구십에 육십 엠엠에이치지, 맥박수 분당 백이십 회, 호흡수 분당 삼십 회, 체온 삼십구 점 영 도, 에스피오투 구십구 퍼센트입니다.
[T11] 의료진: 발진 양상이 어떤가요?
[T11] 환자측: 전신에 붉은 반점으로 퍼져 있어요.
[T12] 의료진: 최근 예방접종 한 적 있나요?
[T12] 환자측: 아니요, 없어요.
[T13] 의료진: 벌레에 물리거나 한 적 있나요?
[T13] 환자측: 아니요, 없었어요.",,,,,,
353,"[T01] 의료진: 1번 환자 분 들어오세요.
[T01] 환자측: 9살 남자입니다.
[T02] 의료진: 어디가 아파서 왔나요?
[T02] 환자측: 귀에서 삐 소리가 나요.
[T03] 의료진: 소리가 언제부터 시작되었나요?
[T03] 환자측: 수업 도중에 시작됐어요.
[T04] 의료진: 다른 증상은 있나요?
[T04] 환자측: 어지럽고 속이 메스꺼워요.
[T05] 의료진: 청력이 떨어지나요?
[T05] 환자측: 네, 조금 떨어지는 것 같아요.
[T06] 의료진: 외상이 있었나요?
[T06] 환자측: 아니요, 외상은 없었어요.
[T07] 의료진: 활력징후가 어떤가요?
[T07] 환자측: 혈압 100/60 mmHg, 맥박수 80회/분, 호흡수 20회/분, 체온 36.8℃, SPO2 99%.
[T08] 의료진: 두통은 없나요?
[T08] 환자측: 네, 두통은 없어요.
[T09] 의료진: 최근 감기증상이나 고열이 난 적이 있나요?
[T09] 환자측: 아니요, 그런 적 없어요.
[T10] 의료진: 귀 통증도 있나요?
[T10] 환자측: 아니요, 귀 통증은 없어요.","[T01] 의료진: 일 번 환자 분 들어오세요.
[T01] 환자측: 아홉 살 남자입니다.
[T02] 의료진: 어디가 아파서 왔나요?
[T02] 환자측: 귀에서 삐 소리가 나요.
[T03] 의료진: 소리가 언제부터 시작되었나요?
[T03] 환자측: 수업 도중에 시작됐어요.
[T04] 의료진: 다른 증상은 있나요?
[T04] 환자측: 어지럽고 속이 메스꺼워요.
[T05] 의료진: 청력이 떨어지나요?
[T05] 환자측: 네, 조금 떨어지는 것 같아요.
[T06] 의료진: 외상이 있었나요?
[T06] 환자측: 아니요, 외상은 없었어요.
[T07] 의료진: 활력징후가 어떤가요?
[T07] 환자측: 혈압 백에 육십 엠엠에이치지, 맥박수 분당 팔십 회, 호흡수 분당 이십 회, 체온 삼십육 점 팔 도, 에스피오투 구십구 퍼센트.
[T08] 의료진: 두통은 없나요?
[T08] 환자측: 네, 두통은 없어요.
[T09] 의료진: 최근 감기증상이나 고열이 난 적이 있나요?
[T09] 환자측: 아니요, 그런 적 없어요.
[T10] 의료진: 귀 통증도 있나요?
[T10] 환자측: 아니요, 귀 통증은 없어요.",,,,,,
481,"[T01] 의료진: 18번 환자 분 들어오세요.
[T01] 환자측: 50세 여자입니다.
[T02] 의료진: 어디가 힘드셔서 오셨나요?
[T02] 환자측: 손이 저려요.
[T03] 의료진: 양손이 저린가요?
[T03] 환자측: 아니요, 오른손만 저려요.
[T04] 의료진: 언제부터 저리기 시작하셨나요?
[T04] 환자측: 2주 전부터요.
[T05] 의료진: 팔이나 어깨, 손에 통증 있나요?
[T05] 환자측: 네, 손목이 조금 아파요.
[T06] 의료진: 움직이는 데엔 문제가 없나요?
[T06] 환자측: 네, 움직이는 데는 문제 없어요.
[T07] 의료진: 손목 통증 시작 시기 알려주세요.
[T07] 환자측: 손이 저리기 시작할 때쯤부터였어요.
[T08] 의료진: 최근 손목을 무리하게 쓰신 적이 있나요?
[T08] 환자측: 네, 최근에 자주 타자를 쳤어요.
[T09] 의료진: 다른데 아프신곳 있으실까요?
[T09] 환자측: 아니요, 다른 곳은 괜찮아요.
[T10] 의료진: 통증점수, 활력징후 알려줘
[T10] 환자측: 통증점수: NRS 4점.
[T11] 의료진: 활력징후를 알려주세요.
[T11] 환자측: 혈압 120/80 mmHg, 맥박수 78회/분, 호흡수 18회/분, 체온 36.7℃, SPO2 98%.
[T12] 의료진: 이전에도 이런 적 있으신가요?
[T12] 환자측: 아니요, 처음이에요.","[T01] 의료진: 십팔 번 환자 분 들어오세요.
[T01] 환자측: 오십 세 여자입니다.
[T02] 의료진: 어디가 힘드셔서 오셨나요?
[T02] 환자측: 손이 저려요.
[T03] 의료진: 양손이 저린가요?
[T03] 환자측: 아니요, 오른손만 저려요.
[T04] 의료진: 언제부터 저리기 시작하셨나요?
[T04] 환자측: 이 주 전부터요.
[T05] 의료진: 팔이나 어깨, 손에 통증 있나요?
[T05] 환자측: 네, 손목이 조금 아파요.
[T06] 의료진: 움직이는 데엔 문제가 없나요?
[T06] 환자측: 네, 움직이는 데는 문제 없어요.
[T07] 의료진: 손목 통증 시작 시기 알려주세요.
[T07] 환자측: 손이 저리기 시작할 때쯤부터였어요.
[T08] 의료진: 최근 손목을 무리하게 쓰신 적이 있나요?
[T08] 환자측: 네, 최근에 자주 타자를 쳤어요.
[T09] 의료진: 다른데 아프신곳 있으실까요?
[T09] 환자측: 아니요, 다른 곳은 괜찮아요.
[T10] 의료진: 통증점수, 활력징후 알려줘
[T10] 환자측: 통증점수, 엔알에스 사 점.
[T11] 의료진: 활력징후를 알려주세요.
[T11] 환자측: 혈압 백이십에 팔십 엠엠에이치지, 맥박수 분당 칠십팔 회, 호흡수 분당 십팔 회, 체온 삼십육 점 칠 도, 에스피오투 구십팔 퍼센트.
[T12] 의료진: 이전에도 이런 적 있으신가요?
[T12] 환자측: 아니요, 처음이에요.",,,,,,
503,"[T01] 의료진: 19번 환자분 들어오세요.
[T01] 보호자: 안녕하세요.
[T02] 의료진: 보호자분, 어떤 문제로 오셨나요?
[T02] 보호자: 며칠 전부터 식사를 거의 못 하셔서 걱정돼서 왔습니다.
[T03] 의료진: 언제부터 식사를 잘 못 하셨나요?
[T03] 보호자: 3~4일 전부터 미음만 조금 드셨고 어제부터는 거의 안 드셨어요.
[T04] 의료진: 소변은 평소처럼 보셨나요?
[T04] 보호자: 아니요, 하루 종일 거의 못 보셨습니다.
[T05] 의료진: 평소에는 대화가 가능하셨나요?
[T05] 보호자: 네, 간단한 대화는 가능했는데 점점 말을 안 하려고 합니다.
[T06] 의료진: 지금 입과 혀가 많이 말라 있고 전반적으로 기력이 떨어져 보입니다.
[T07] 의료진: 지금 활력징후 확인하겠습니다.
[T08] 의료진: 혈압 90/60mmHg, 맥박 106회/분, 호흡수 15회/분, 체온 36.0℃, 산소포화도 94%로 확인됩니다. 탈수와 전신 쇠약 상태 평가 위해 진료 진행하겠습니다.","[T01] 의료진: 십구 번 환자분 들어오세요.
[T01] 보호자: 안녕하세요.
[T02] 의료진: 보호자분, 어떤 문제로 오셨나요?
[T02] 보호자: 며칠 전부터 식사를 거의 못 하셔서 걱정돼서 왔습니다.
[T03] 의료진: 언제부터 식사를 잘 못 하셨나요?
[T03] 보호자: 삼사 일 전부터 미음만 조금 드셨고 어제부터는 거의 안 드셨어요.
[T04] 의료진: 소변은 평소처럼 보셨나요?
[T04] 보호자: 아니요, 하루 종일 거의 못 보셨습니다.
[T05] 의료진: 평소에는 대화가 가능하셨나요?
[T05] 보호자: 네, 간단한 대화는 가능했는데 점점 말을 안 하려고 합니다.
[T06] 의료진: 지금 입과 혀가 많이 말라 있고 전반적으로 기력이 떨어져 보입니다.
[T07] 의료진: 지금 활력징후 확인하겠습니다.
[T08] 의료진: 혈압 구십에 육십 엠엠에이치지, 맥박 분당 백육 회, 호흡수 분당 십오 회, 체온 삼십육 점 영 도, 산소포화도 구십사 퍼센트로 확인됩니다. 탈수와 전신 쇠약 상태 평가 위해 진료 진행하겠습니다.",,,,,,
508,"[T01] 의료진: 96번 환자분 들어오세요.
[T01] 환자: 안녕하세요.
[T02] 의료진: 어떤 증상 때문에 오셨나요?
[T02] 환자: 몇 달 전부터 음식 맛이 잘 안 느껴져서 왔어요.
[T03] 의료진: 언제부터 그런 증상이 있었나요?
[T03] 환자: 4개월 정도 된 것 같아요.
[T04] 의료진: 냄새는 잘 맡아지시나요?
[T04] 환자: 네, 냄새는 괜찮은데 맛이 잘 안 느껴져요.
[T05] 의료진: 얼굴이나 입 주변 감각이 이상한 느낌은 없으신가요?
[T05] 환자: 그런 건 없습니다.
[T06] 의료진: 당뇨 있으시다고 하셨죠?
[T06] 환자: 네.
[T07] 의료진: 다른 신경학적 증상은 없어 보입니다. 상태 확인 위해 진료 보겠습니다.
[T08] 의료진: 지금 활력징후 확인하겠습니다.
[T09] 의료진: 혈압, 맥박, 호흡수, 체온을 확인해보니 혈압 115/70mmHg, 맥박수 70회/분, 호흡수 20회/분, 체온37.1℃ 로 측정됩니다.","[T01] 의료진: 구십육 번 환자분 들어오세요.
[T01] 환자: 안녕하세요.
[T02] 의료진: 어떤 증상 때문에 오셨나요?
[T02] 환자: 몇 달 전부터 음식 맛이 잘 안 느껴져서 왔어요.
[T03] 의료진: 언제부터 그런 증상이 있었나요?
[T03] 환자: 사 개월 정도 된 것 같아요.
[T04] 의료진: 냄새는 잘 맡아지시나요?
[T04] 환자: 네, 냄새는 괜찮은데 맛이 잘 안 느껴져요.
[T05] 의료진: 얼굴이나 입 주변 감각이 이상한 느낌은 없으신가요?
[T05] 환자: 그런 건 없습니다.
[T06] 의료진: 당뇨 있으시다고 하셨죠?
[T06] 환자: 네.
[T07] 의료진: 다른 신경학적 증상은 없어 보입니다. 상태 확인 위해 진료 보겠습니다.
[T08] 의료진: 지금 활력징후 확인하겠습니다.
[T09] 의료진: 혈압, 맥박, 호흡수, 체온을 확인해보니 혈압 백십오에 칠십 엠엠에이치지, 맥박수 분당 칠십 회, 호흡수 분당 이십 회, 체온 삼십칠 점 일 도 로 측정됩니다.",,,,,,
520,"[T01] 의료진: 206번 환자분 들어오세요.
[T01] 환자: 안녕하세요.
[T02] 의료진: 어떤 문제로 오셨나요?
[T02] 환자: 투석하다가 혈압이 너무 높게 나와서 오게 됐어요.
[T03] 의료진: 오늘 투석 중에 혈압이 얼마나 나왔다고 들으셨나요?
[T03] 환자: 230에 120이라고 했어요.
[T04] 의료진: 평소에도 혈압이 높은 편이신가요?
[T04] 환자: 네, 고혈압 약 먹고 있고 투석 안 하는 날은 좀 높게 나와요.
[T05] 의료진: 지금 불편한 증상은 뭐가 있으세요?
[T05] 환자: 속이 계속 울렁거리고 토도 세 번 했어요.
[T06] 의료진: 두통이나 가슴통증, 숨찬 증상은 없으신가요?
[T06] 환자: 그런 건 없어요.
[T07] 의료진: 신장 때문에 평소 투석 받고 계신 거죠?
[T07] 환자: 네, ESRD라 투석 받고 있어요.
[T08] 의료진: 오늘 혈압약은 드셨나요?
[T08] 환자: 평소 약은 먹고 있어요.
[T09] 의료진: 혈압은 220/115, 맥박 100, 호흡수 22, 체온 36.7도, 산소포화도 98%입니다.
[T10] 의료진: 혈압이 많이 높아서 바로 평가 진행하겠습니다.","[T01] 의료진: 이백육 번 환자분 들어오세요.
[T01] 환자: 안녕하세요.
[T02] 의료진: 어떤 문제로 오셨나요?
[T02] 환자: 투석하다가 혈압이 너무 높게 나와서 오게 됐어요.
[T03] 의료진: 오늘 투석 중에 혈압이 얼마나 나왔다고 들으셨나요?
[T03] 환자: 이백삼십에 백이십이라고 했어요.
[T04] 의료진: 평소에도 혈압이 높은 편이신가요?
[T04] 환자: 네, 고혈압 약 먹고 있고 투석 안 하는 날은 좀 높게 나와요.
[T05] 의료진: 지금 불편한 증상은 뭐가 있으세요?
[T05] 환자: 속이 계속 울렁거리고 토도 세 번 했어요.
[T06] 의료진: 두통이나 가슴통증, 숨찬 증상은 없으신가요?
[T06] 환자: 그런 건 없어요.
[T07] 의료진: 신장 때문에 평소 투석 받고 계신 거죠?
[T07] 환자: 네, 이에스알디라 투석 받고 있어요.
[T08] 의료진: 오늘 혈압약은 드셨나요?
[T08] 환자: 평소 약은 먹고 있어요.
[T09] 의료진: 혈압은 이백이십에 백십오, 맥박 백, 호흡수 이십이, 체온 삼십육 점 칠 도, 산소포화도 구십팔 퍼센트입니다.
[T10] 의료진: 혈압이 많이 높아서 바로 평가 진행하겠습니다.",,,,,,
529,"[T01] 의료진: 307번 환자분 들어오세요.
[T01] 환자: 안녕하세요.
[T02] 의료진: 어떤 일로 오셨나요?
[T02] 환자: 아파트 지하주차장에 불이 나서 대피하다가 연기를 조금 마신 것 같고 목이 아파서 왔어요.
[T03] 의료진: 불난 건 오늘 있었던 일인가요?
[T03] 환자: 네, 오늘 바로 있었어요.
[T04] 의료진: 대피할 때 연기를 많이 마신 것 같나요?
[T04] 환자: 많이는 아닌 것 같은데 조금 마신 것 같아요.
[T05] 의료진: 지금 숨쉬기 힘들거나 목이 쉬는 느낌은 없으신가요?
[T05] 환자: 숨쉬기는 괜찮고 목만 아파요.
[T06] 의료진: 코 안이나 입 안에 그을음은 있었나요?
[T06] 환자: 아니요, 그런 건 없다고 들었어요.
[T07] 의료진: 기침은 나시나요?
[T07] 환자: 심하게 하진 않아요.
[T08] 의료진: 평소 호흡기 질환은 없으신가요?
[T08] 환자: 특별한 건 없어요.
[T09] 의료진: 혈압 130/80, 맥박 84, 호흡수 18, 체온 36.5도, 산소포화도 98%입니다.
[T10] 의료진: 잠시 기다리시면 진료 보겠습니다.
[T10] 환자: 네.","[T01] 의료진: 삼백칠 번 환자분 들어오세요.
[T01] 환자: 안녕하세요.
[T02] 의료진: 어떤 일로 오셨나요?
[T02] 환자: 아파트 지하주차장에 불이 나서 대피하다가 연기를 조금 마신 것 같고 목이 아파서 왔어요.
[T03] 의료진: 불난 건 오늘 있었던 일인가요?
[T03] 환자: 네, 오늘 바로 있었어요.
[T04] 의료진: 대피할 때 연기를 많이 마신 것 같나요?
[T04] 환자: 많이는 아닌 것 같은데 조금 마신 것 같아요.
[T05] 의료진: 지금 숨쉬기 힘들거나 목이 쉬는 느낌은 없으신가요?
[T05] 환자: 숨쉬기는 괜찮고 목만 아파요.
[T06] 의료진: 코 안이나 입 안에 그을음은 있었나요?
[T06] 환자: 아니요, 그런 건 없다고 들었어요.
[T07] 의료진: 기침은 나시나요?
[T07] 환자: 심하게 하진 않아요.
[T08] 의료진: 평소 호흡기 질환은 없으신가요?
[T08] 환자: 특별한 건 없어요.
[T09] 의료진: 혈압 백삼십에 팔십, 맥박 팔십사, 호흡수 십팔, 체온 삼십육 점 오 도, 산소포화도 구십팔 퍼센트입니다.
[T10] 의료진: 잠시 기다리시면 진료 보겠습니다.
[T10] 환자: 네.",,,,,,
530,"[T01] 의료진: 2번 환자 들어오세요.
[T01] 보호자: 초등학생 아이 보호자입니다.
[T02] 의료진: 어떤 증상 때문에 응급실에 오셨나요?
[T02] 보호자: 아이가 오늘 오전부터 배가 아프다고 했어요.
[T03] 의료진: 복통이 계속 있었나요, 아니면 갑자기 심해졌나요?
[T03] 보호자: 처음에는 그냥 배가 아프다고 해서 집 근처 병원에 갔는데 가스가 찬 것 같다고 해서 약을 먹었어요.
[T04] 보호자: 그런데 저녁 8시쯤부터 배가 너무 아프다고 하고 계속 토했어요.
[T05] 의료진: 구토는 몇 번 정도 했나요?
[T05] 보호자: 여러 번 했어요.
[T06] 보호자: 마지막으로 토할 때는 피가 조금 섞여 있었어요.
[T07] 의료진: 토한 것에 피가 섞여 있었다는 말씀이시죠?
[T07] 보호자: 네, 빨간 피가 조금 보였어요.
[T08] 의료진: 아이 지금 많이 처지거나 의식이 흐리지는 않나요?
[T08] 보호자: 아니요. 처져 있지는 않는데 계속 배가 아프다고 해요.
[T09] 의료진: 활력징후 확인하겠습니다. 혈압은 100/60 mmHg, 맥박은 98회, 호흡수 20회/분, 체온은 37.5℃입니다.","[T01] 의료진: 이 번 환자 들어오세요.
[T01] 보호자: 초등학생 아이 보호자입니다.
[T02] 의료진: 어떤 증상 때문에 응급실에 오셨나요?
[T02] 보호자: 아이가 오늘 오전부터 배가 아프다고 했어요.
[T03] 의료진: 복통이 계속 있었나요, 아니면 갑자기 심해졌나요?
[T03] 보호자: 처음에는 그냥 배가 아프다고 해서 집 근처 병원에 갔는데 가스가 찬 것 같다고 해서 약을 먹었어요.
[T04] 보호자: 그런데 저녁 여덟 시쯤부터 배가 너무 아프다고 하고 계속 토했어요.
[T05] 의료진: 구토는 몇 번 정도 했나요?
[T05] 보호자: 여러 번 했어요.
[T06] 보호자: 마지막으로 토할 때는 피가 조금 섞여 있었어요.
[T07] 의료진: 토한 것에 피가 섞여 있었다는 말씀이시죠?
[T07] 보호자: 네, 빨간 피가 조금 보였어요.
[T08] 의료진: 아이 지금 많이 처지거나 의식이 흐리지는 않나요?
[T08] 보호자: 아니요. 처져 있지는 않는데 계속 배가 아프다고 해요.
[T09] 의료진: 활력징후 확인하겠습니다. 혈압은 백에 육십 엠엠에이치지, 맥박은 구십팔 회, 호흡수 분당 이십 회, 체온은 삼십칠 점 오 도입니다.",,,,,,
533,"[T01] 의료진: 6번 환자 들어오세요.
[T01] 보호자: 중학생 아이 보호자입니다.
[T02] 의료진: 어떤 증상 때문에 오셨나요?
[T02] 보호자: 학교에서 수업 중에 갑자기 가슴이 아프고 답답하다고 해서 왔어요.
[T03] 의료진: 통증은 언제 시작됐나요?
[T03] 보호자: 오늘 수업 시간에 갑자기 시작됐다고 합니다.
[T04] 의료진: 10점 만점에 통증은 몇 점인가요?
[T04] 환자: 3점정도 돼요.
[T05] 의료진: 숨쉬기 힘들어 하거나 어지럽다고 하지는 않았나요?
[T05] 보호자: 숨이 답답하다고는 했어요.
[T06] 의료진: 심장이 빨리 뛰는 느낌은 없다고 하나요?
[T06] 보호자: 조금 두근거린다고 했어요.
[T07] 의료진: 이전에도 비슷한 증상이 있었나요?
[T07] 보호자: 이런 적은 처음이에요.
[T08] 의료진: 활력징후는 혈압 110/78mmHg, 맥박수 98회/분, 호흡수 18회/분, 체온36.8℃. SPO2:97% 입니다.","[T01] 의료진: 육 번 환자 들어오세요.
[T01] 보호자: 중학생 아이 보호자입니다.
[T02] 의료진: 어떤 증상 때문에 오셨나요?
[T02] 보호자: 학교에서 수업 중에 갑자기 가슴이 아프고 답답하다고 해서 왔어요.
[T03] 의료진: 통증은 언제 시작됐나요?
[T03] 보호자: 오늘 수업 시간에 갑자기 시작됐다고 합니다.
[T04] 의료진: 십 점 만점에 통증은 몇 점인가요?
[T04] 환자: 삼 점정도 돼요.
[T05] 의료진: 숨쉬기 힘들어 하거나 어지럽다고 하지는 않았나요?
[T05] 보호자: 숨이 답답하다고는 했어요.
[T06] 의료진: 심장이 빨리 뛰는 느낌은 없다고 하나요?
[T06] 보호자: 조금 두근거린다고 했어요.
[T07] 의료진: 이전에도 비슷한 증상이 있었나요?
[T07] 보호자: 이런 적은 처음이에요.
[T08] 의료진: 활력징후는 혈압 백십에 칠십팔 엠엠에이치지, 맥박수 분당 구십팔 회, 호흡수 분당 십팔 회, 체온 삼십육 점 팔 도. 에스피오투 구십칠 퍼센트 입니다.",,,,,,
568,"[T01] 의료진: 32번 환자분 들어오세요.
[T01] 환자측: 68세 남자입니다.
[T02] 의료진: 순천향입니다. 어디가 아파요?
[T02] 환자측: 구급대원입니다. 환자분은 갑자기 왼쪽으로 쓰러질 것 같은 보행장애와 호흡곤란을 호소해 신고되어 이송했습니다. 내원 2시간 전, 담배를 피우며 걷던 중 갑작스럽게 증상이 시작되었고 도착 당시에는 걸음을 걷지 못하고, 말을 거의 못할 정도로 숨이 찬 상태였습니다.
[T03] 의료진: 의식 상태는?
[T03] 환자측: Mental: 명료함 입니다.
[T04] 의료진: 생체징후 측정할게요.
[T04] 환자측: 활력징후 = V/S: 혈압 130/70mmHg, 맥박수 57회/분, 호흡수 30회/분, 체온 37.0℃, 산소포화도 89% 입니다.
[T05] 의료진: 지병 알려줘.
[T05] 환자측: 2일 전 미국 여행 후 귀국하였다고 합니다.
[T06] 의료진: 과거력은 뭐가 있어?
[T06] 환자측: 2일 전 미국 여행 후 귀국하였다는 것 외에는, 다른 과거력 정보는 없습니다.
[T07] 의료진: 왼쪽으로 편마비가 있거나 구음장애는 없어?
[T07] 환자측: 모릅니다.
[T08] 의료진: 환자분 응급상황으로 바로 응급실로 들어갈게요.","[T01] 의료진: 삼십이 번 환자분 들어오세요.
[T01] 환자측: 육십팔 세 남자입니다.
[T02] 의료진: 순천향입니다. 어디가 아파요?
[T02] 환자측: 구급대원입니다. 환자분은 갑자기 왼쪽으로 쓰러질 것 같은 보행장애와 호흡곤란을 호소해 신고되어 이송했습니다. 내원 두 시간 전, 담배를 피우며 걷던 중 갑작스럽게 증상이 시작되었고 도착 당시에는 걸음을 걷지 못하고, 말을 거의 못할 정도로 숨이 찬 상태였습니다.
[T03] 의료진: 의식 상태는?
[T03] 환자측: 멘탈, 명료함 입니다.
[T04] 의료진: 생체징후 측정할게요.
[T04] 환자측: 활력징후 브이에스, 혈압 백삼십에 칠십 엠엠에이치지, 맥박수 분당 오십칠 회, 호흡수 분당 삼십 회, 체온 삼십칠 점 영 도, 산소포화도 팔십구 퍼센트 입니다.
[T05] 의료진: 지병 알려줘.
[T05] 환자측: 이 일 전 미국 여행 후 귀국하였다고 합니다.
[T06] 의료진: 과거력은 뭐가 있어?
[T06] 환자측: 이 일 전 미국 여행 후 귀국하였다는 것 외에는, 다른 과거력 정보는 없습니다.
[T07] 의료진: 왼쪽으로 편마비가 있거나 구음장애는 없어?
[T07] 환자측: 모릅니다.
[T08] 의료진: 환자분 응급상황으로 바로 응급실로 들어갈게요.",,,,,,
585,"[T01] 의료진: 50번 환자분 들어오세요.
[T01] 환자측: 62세 여자입니다.
[T02] 의료진: 순천향입니다. 어디가 아파요?
[T02] 환자측: 아… 가슴이 두근거리는 게 계속 가라앉질 않아서 응급실에 왔어요.
[T03] 의료진: 예전에도 잠깐씩 있었나요?
[T03] 환자측: 예전에도 잠깐씩 있었는데 그땐 1~2분이면 괜찮아졌거든요…
[T04] 의료진: 이번에는 증상이 계속 이어졌나요?
[T04] 환자측: 이번엔 계속 이어져서 너무 불안해서 왔습니다.
[T05] 의료진: 많이 힘들것 같아요. 생체징후 측정할게요.
[T05] 환자측: 활력징후 = V/S: 혈압 75/40 mmHg, 맥박수 145회/분, 호흡수 20회/분, 체온 36.6℃ 입니다.
[T06] 의료진: 쇼크 상태네요. 흉통은 없나요?
[T06] 환자측: 흉통은 없습니다.
[T07] 의료진: 과거력은요?
[T07] 환자측: 모릅니다.
[T08] 의료진: 알겠어요. 응급상황입니다. 바로 들어가서 관련 진료 시작할게요.
[T08] 환자측: 네… 바로 들어가겠습니다.","[T01] 의료진: 오십 번 환자분 들어오세요.
[T01] 환자측: 육십이 세 여자입니다.
[T02] 의료진: 순천향입니다. 어디가 아파요?
[T02] 환자측: 아… 가슴이 두근거리는 게 계속 가라앉질 않아서 응급실에 왔어요.
[T03] 의료진: 예전에도 잠깐씩 있었나요?
[T03] 환자측: 예전에도 잠깐씩 있었는데 그땐 일이 분이면 괜찮아졌거든요…
[T04] 의료진: 이번에는 증상이 계속 이어졌나요?
[T04] 환자측: 이번엔 계속 이어져서 너무 불안해서 왔습니다.
[T05] 의료진: 많이 힘들것 같아요. 생체징후 측정할게요.
[T05] 환자측: 활력징후 브이에스, 혈압 칠십오에 사십 엠엠에이치지, 맥박수 분당 백사십오 회, 호흡수 분당 이십 회, 체온 삼십육 점 육 도 입니다.
[T06] 의료진: 쇼크 상태네요. 흉통은 없나요?
[T06] 환자측: 흉통은 없습니다.
[T07] 의료진: 과거력은요?
[T07] 환자측: 모릅니다.
[T08] 의료진: 알겠어요. 응급상황입니다. 바로 들어가서 관련 진료 시작할게요.
[T08] 환자측: 네… 바로 들어가겠습니다.",,,,,,
625,"[T01] 의료진: 97번 환자요
[T01] 환자측: 32세 여자입니다.
[T02] 의료진: 어디가 아파요?
[T02] 환자측: 운동하다가 부딪힌 뒤에 다리에 멍이 들고 아파서… 골절 여부 확인하려고 응급실에 왔습니다.
[T03] 의료진: 임산부인가요?
[T03] 환자측: 모릅니다.
[T04] 의료진: 언제 다쳤나요?
[T04] 환자측: 모릅니다.
[T05] 의료진: 다리를 움직이거나 감각에 제한이 있나요?
[T05] 환자측: 다리에 힘주기 힘들어하고 부어있다고 합니다.
[T06] 의료진: 멍 외에 색 변화는 없나요?
[T06] 환자측: 멍 주변으로 눌렀을 때 통증이 심하다고 합니다.
[T07] 의료진: 통증 점수는요?
[T07] 환자측: 통증 점수 : NRS 3점 입니다.
[T08] 의료진: 활력 징후 측정할게요
[T08] 환자측: 활력징후 = V/S: 혈압 122/78 mmHg, 맥박수 86회/분, 호흡수 18회/분, 체온 36.6도, 산소포화도 98% 입니다.
[T09] 의료진: 대기해주세요. 순서대로 진료해드릴게요","[T01] 의료진: 구십칠 번 환자요
[T01] 환자측: 삼십이 세 여자입니다.
[T02] 의료진: 어디가 아파요?
[T02] 환자측: 운동하다가 부딪힌 뒤에 다리에 멍이 들고 아파서… 골절 여부 확인하려고 응급실에 왔습니다.
[T03] 의료진: 임산부인가요?
[T03] 환자측: 모릅니다.
[T04] 의료진: 언제 다쳤나요?
[T04] 환자측: 모릅니다.
[T05] 의료진: 다리를 움직이거나 감각에 제한이 있나요?
[T05] 환자측: 다리에 힘주기 힘들어하고 부어있다고 합니다.
[T06] 의료진: 멍 외에 색 변화는 없나요?
[T06] 환자측: 멍 주변으로 눌렀을 때 통증이 심하다고 합니다.
[T07] 의료진: 통증 점수는요?
[T07] 환자측: 통증 점수, 엔알에스 삼 점 입니다.
[T08] 의료진: 활력 징후 측정할게요
[T08] 환자측: 활력징후 브이에스, 혈압 백이십이에 칠십팔 엠엠에이치지, 맥박수 분당 팔십육 회, 호흡수 분당 십팔 회, 체온 삼십육 점 육 도, 산소포화도 구십팔 퍼센트 입니다.
[T09] 의료진: 대기해주세요. 순서대로 진료해드릴게요",,,,,,
629,"[T01] 의료진: 101번 환자요
[T01] 환자측: 79세 여자입니다.
[T02] 의료진: 어디가 아파요?
[T02] 환자측: 아… 소변에 피가 보여서, 그래서 응급실에 왔습니다.
[T03] 의료진: 아픈가요?
[T03] 환자측: 아… 소변 볼 때 따갑고 아프다고 합니다.
[T04] 의료진: 열은 안나요?
[T04] 환자측: 내원 당일 통증 없이 증상이 시작됐다고 합니다.
[T05] 의료진: 옆구리가 아프진 않죠?
[T05] 환자측: 혈뇨가 멈추지 않고 어지럼증이 심해진다고 합니다.
[T06] 의료진: 먹고 있는 약물은요?
[T06] 환자측: 과거력: 심장질환으로 와파린 복용 중입니다.
[T07] 의료진: 활력 징후 측정할게요
[T07] 환자측: 활력징후 = V/S: 혈압 80/50mmHg, 맥박수 105회/분, 호흡수 21회/분, 체온 36.3도, 산소포화도 97% 입니다.
[T08] 의료진: 쇼크 상태네요. 바로 들어가죠","[T01] 의료진: 백일 번 환자요
[T01] 환자측: 칠십구 세 여자입니다.
[T02] 의료진: 어디가 아파요?
[T02] 환자측: 아… 소변에 피가 보여서, 그래서 응급실에 왔습니다.
[T03] 의료진: 아픈가요?
[T03] 환자측: 아… 소변 볼 때 따갑고 아프다고 합니다.
[T04] 의료진: 열은 안나요?
[T04] 환자측: 내원 당일 통증 없이 증상이 시작됐다고 합니다.
[T05] 의료진: 옆구리가 아프진 않죠?
[T05] 환자측: 혈뇨가 멈추지 않고 어지럼증이 심해진다고 합니다.
[T06] 의료진: 먹고 있는 약물은요?
[T06] 환자측: 과거력, 심장질환으로 와파린 복용 중입니다.
[T07] 의료진: 활력 징후 측정할게요
[T07] 환자측: 활력징후 브이에스, 혈압 팔십에 오십 엠엠에이치지, 맥박수 분당 백오 회, 호흡수 분당 이십일 회, 체온 삼십육 점 삼 도, 산소포화도 구십칠 퍼센트 입니다.
[T08] 의료진: 쇼크 상태네요. 바로 들어가죠",,,,,,
679,"[T01] 의료진: 7번 환자분 들어오세요.
[T01] 119대원: 안녕하세요.
[T02] 의료진: 어떻게 다치셔서 오셨나요?
[T02] 119대원: 차량이 가드레일을 들이받고 전복됐습니다. 운전자가 핸들에 복부가 끼인 상태로 발견됐습니다.
[T03] 의료진: 환자분 제 말 들리시나요?
[T03] 환자: …배가 너무 아파요.
[T04] 의료진: 복부가 많이 눌린 것 같은데 다른 곳도 다친 데가 있나요?
[T04] 119대원: 눈에 띄는 외상은 없고 복부 쪽에 큰 멍이 있습니다.
[T05] 의료진: 숨 쉬기 힘들거나 어지러운 느낌 있나요?
[T05] 환자: 어지럽고 힘이 없습니다.
[T06] 의료진: 얼굴이 많이 창백하고 맥박이 약하게 만져집니다.
[T07] 의료진: 지금 활력징후 확인하겠습니다.
[T08] 의료진: 혈압 66/43mmHg, 맥박 140회/분, 호흡수 22회/분, 체온 35.9℃, 산소포화도 91%로 확인됩니다. 복부 손상과 출혈 가능성이 있어 바로 처치 준비하겠습니다.","[T01] 의료진: 칠 번 환자분 들어오세요.
[T01] 119대원: 안녕하세요.
[T02] 의료진: 어떻게 다치셔서 오셨나요?
[T02] 119대원: 차량이 가드레일을 들이받고 전복됐습니다. 운전자가 핸들에 복부가 끼인 상태로 발견됐습니다.
[T03] 의료진: 환자분 제 말 들리시나요?
[T03] 환자: …배가 너무 아파요.
[T04] 의료진: 복부가 많이 눌린 것 같은데 다른 곳도 다친 데가 있나요?
[T04] 119대원: 눈에 띄는 외상은 없고 복부 쪽에 큰 멍이 있습니다.
[T05] 의료진: 숨 쉬기 힘들거나 어지러운 느낌 있나요?
[T05] 환자: 어지럽고 힘이 없습니다.
[T06] 의료진: 얼굴이 많이 창백하고 맥박이 약하게 만져집니다.
[T07] 의료진: 지금 활력징후 확인하겠습니다.
[T08] 의료진: 혈압 육십육에 사십삼 엠엠에이치지, 맥박 분당 백사십 회, 호흡수 분당 이십이 회, 체온 삼십오 점 구 도, 산소포화도 구십일 퍼센트로 확인됩니다. 복부 손상과 출혈 가능성이 있어 바로 처치 준비하겠습니다.",,,,,,
681,"[T01] 의료진: 15번 환자분 들어오세요.
[T01] 보호자: 안녕하세요.
[T02] 의료진: 보호자분, 환자분 상태가 어떻게 되나요?
[T02] 보호자: 아침에 깨우러 갔는데 불러도 못 일어나고 눈도 못 뜨셔서 119 부르고 왔어요.
[T03] 의료진: 마지막으로 평소처럼 괜찮으셨던 건 언제였나요?
[T03] 보호자: 어젯밤까지만 해도 괜찮으셨어요.
[T04] 의료진: 평소에도 이렇게 의식이 떨어진 적이 있으셨나요?
[T04] 보호자: 아니요, 이런 적은 처음이에요.
[T05] 의료진: 지금 통증 자극에는 조금 반응하시네요.
[T05] 보호자: 네, 세게 부르면 아주 조금 반응하세요.
[T06] 의료진: 열이 있거나 아프다고 하신 건 없으셨나요?
[T06] 보호자: 아침에 너무 급해서 그건 잘 모르겠어요.
[T07] 의료진: 평소 뇌졸중이나 경련 같은 병력은 있으셨나요?
[T07] 보호자: 그런 병은 없으셨어요.
[T08] 의료진: 지금 119에서 산소 올리고 오신 상태고 의식이 많이 떨어져 있습니다.
[T08] 보호자: 네.
[T09] 의료진: 혈압은 82/78, 맥박 122, 호흡수 24, 체온 38.9도입니다.
[T10] 의료진: 바로 진료 진행하겠습니다.
[T10] 보호자: 네, 부탁드립니다.","[T01] 의료진: 십오 번 환자분 들어오세요.
[T01] 보호자: 안녕하세요.
[T02] 의료진: 보호자분, 환자분 상태가 어떻게 되나요?
[T02] 보호자: 아침에 깨우러 갔는데 불러도 못 일어나고 눈도 못 뜨셔서 일일구 부르고 왔어요.
[T03] 의료진: 마지막으로 평소처럼 괜찮으셨던 건 언제였나요?
[T03] 보호자: 어젯밤까지만 해도 괜찮으셨어요.
[T04] 의료진: 평소에도 이렇게 의식이 떨어진 적이 있으셨나요?
[T04] 보호자: 아니요, 이런 적은 처음이에요.
[T05] 의료진: 지금 통증 자극에는 조금 반응하시네요.
[T05] 보호자: 네, 세게 부르면 아주 조금 반응하세요.
[T06] 의료진: 열이 있거나 아프다고 하신 건 없으셨나요?
[T06] 보호자: 아침에 너무 급해서 그건 잘 모르겠어요.
[T07] 의료진: 평소 뇌졸중이나 경련 같은 병력은 있으셨나요?
[T07] 보호자: 그런 병은 없으셨어요.
[T08] 의료진: 지금 일일구에서 산소 올리고 오신 상태고 의식이 많이 떨어져 있습니다.
[T08] 보호자: 네.
[T09] 의료진: 혈압은 팔십이에 칠십팔, 맥박 백이십이, 호흡수 이십사, 체온 삼십팔 점 구 도입니다.
[T10] 의료진: 바로 진료 진행하겠습니다.
[T10] 보호자: 네, 부탁드립니다.",,,,,,
683,"[T01] 의료진: 168번 환자분 들어오세요.
[T01] 119대원: 안녕하세요.
[T02] 의료진: 어떻게 오시게 됐나요?
[T02] 119대원: 일하다가 계속 쓰러질 것 같다고 했고, 한 시간 정도 지나도 호전이 없으면서 식은땀과 어지럼이 심해져 바닥에 주저앉아 이송했습니다.
[T03] 의료진: 가슴통증은 없었다고 하셨나요?
[T03] 119대원: 네, 가슴통증은 없었다고 했습니다.
[T04] 의료진: 환자분, 지금 많이 어지럽고 힘드신가요?
[T04] 환자: 네… 너무 힘이 없고 식은땀이 나요.
[T05] 의료진: 얼굴이 많이 창백하고 식은땀이 심합니다.
[T06] 의료진: 119에서 수액 500cc 들어갔는데도 혈압이 계속 낮은 상태라고요?
[T06] 119대원: 네, 도착 당시 60/44였고 수액 후에도 크게 오르지 않았습니다.
[T07] 의료진: 현재 혈압은 65/50, 맥박 30, 호흡수 22, 체온 35.8도, 산소포화도 93%입니다.
[T08] 의료진: 심한 서맥과 저혈압으로 전실신 상태여서 바로 응급 처치와 심장 평가 진행하겠습니다.","[T01] 의료진: 백육십팔 번 환자분 들어오세요.
[T01] 119대원: 안녕하세요.
[T02] 의료진: 어떻게 오시게 됐나요?
[T02] 119대원: 일하다가 계속 쓰러질 것 같다고 했고, 한 시간 정도 지나도 호전이 없으면서 식은땀과 어지럼이 심해져 바닥에 주저앉아 이송했습니다.
[T03] 의료진: 가슴통증은 없었다고 하셨나요?
[T03] 119대원: 네, 가슴통증은 없었다고 했습니다.
[T04] 의료진: 환자분, 지금 많이 어지럽고 힘드신가요?
[T04] 환자: 네… 너무 힘이 없고 식은땀이 나요.
[T05] 의료진: 얼굴이 많이 창백하고 식은땀이 심합니다.
[T06] 의료진: 일일구에서 수액 오백 씨씨 들어갔는데도 혈압이 계속 낮은 상태라고요?
[T06] 119대원: 네, 도착 당시 육십에 사십사였고 수액 후에도 크게 오르지 않았습니다.
[T07] 의료진: 현재 혈압은 육십오에 오십, 맥박 삼십, 호흡수 이십이, 체온 삼십오 점 팔 도, 산소포화도 구십삼 퍼센트입니다.
[T08] 의료진: 심한 서맥과 저혈압으로 전실신 상태여서 바로 응급 처치와 심장 평가 진행하겠습니다.",,,,,,
684,"[T01] 의료진: 262번 환자분 들어오세요.
[T01] 보호자: 안녕하세요.
[T02] 의료진: 보호자분, 환자분 어떻게 쓰러지신 건가요?
[T02] 보호자: 포도밭에서 하루 종일 일하시다가 쓰러지셨어요.
[T03] 의료진: 얼마나 더운 환경에 계셨나요?
[T03] 보호자: 낮 동안 계속 밖에서 일하셨어요.
[T04] 의료진: 쓰러지기 전 어지럽다거나 힘들다고 하시진 않았나요?
[T04] 보호자: 많이 지쳐 보이셨는데 갑자기 쓰러지셨어요.
[T05] 의료진: 지금 의식은 많이 떨어져 있고 거의 깨우기 어려운 상태입니다.
[T05] 보호자: 네, 반응이 거의 없어요.
[T06] 의료진: 평소 기저질환은 있으신가요?
[T06] 보호자: 자세한 건 확인이 안 됩니다.
[T07] 의료진: 체온이 많이 높아서 열손상이 의심됩니다.
[T07] 보호자: 네.
[T08] 의료진: 혈압은 90/60, 맥박 110, 호흡수 16, 체온 41도, 산소포화도 90%입니다.
[T09] 의료진: 바로 처치 들어가겠습니다.
[T09] 보호자: 부탁드립니다.","[T01] 의료진: 이백육십이 번 환자분 들어오세요.
[T01] 보호자: 안녕하세요.
[T02] 의료진: 보호자분, 환자분 어떻게 쓰러지신 건가요?
[T02] 보호자: 포도밭에서 하루 종일 일하시다가 쓰러지셨어요.
[T03] 의료진: 얼마나 더운 환경에 계셨나요?
[T03] 보호자: 낮 동안 계속 밖에서 일하셨어요.
[T04] 의료진: 쓰러지기 전 어지럽다거나 힘들다고 하시진 않았나요?
[T04] 보호자: 많이 지쳐 보이셨는데 갑자기 쓰러지셨어요.
[T05] 의료진: 지금 의식은 많이 떨어져 있고 거의 깨우기 어려운 상태입니다.
[T05] 보호자: 네, 반응이 거의 없어요.
[T06] 의료진: 평소 기저질환은 있으신가요?
[T06] 보호자: 자세한 건 확인이 안 됩니다.
[T07] 의료진: 체온이 많이 높아서 열손상이 의심됩니다.
[T07] 보호자: 네.
[T08] 의료진: 혈압은 구십에 육십, 맥박 백십, 호흡수 십육, 체온 사십일 도, 산소포화도 구십 퍼센트입니다.
[T09] 의료진: 바로 처치 들어가겠습니다.
[T09] 보호자: 부탁드립니다.",,,,,,
686,"[T01] 의료진: 323번 환자분 들어오세요.
[T01] 보호자: 안녕하세요.
[T02] 의료진: 보호자분, 환자분 어떻게 오시게 됐나요?
[T02] 보호자: 집에서 갑자기 경련을 시작했는데 멈추지 않아서 119 부르고 왔어요.
[T03] 의료진: 언제부터 경련이 시작됐나요?
[T03] 보호자: 집에서 갑자기 시작됐어요.
[T04] 의료진: 평소 술을 많이 드시는 분인가요?
[T04] 보호자: 네, 감기 때문에 이틀째 술을 못 드셨다고 했어요.
[T05] 의료진: 알코올로 인한 간경화 병력이 있으신 거죠?
[T05] 보호자: 네.
[T06] 의료진: 지금도 계속 경련 중이시네요.
[T06] 보호자: 네, 멈추지 않고 있어요.
[T07] 의료진: 이전에도 금주 후에 비슷한 증상이 있었는지는 아시나요?
[T07] 보호자: 그건 잘 모르겠어요.
[T08] 의료진: 산소포화도부터 확인하겠습니다.
[T09] 의료진: 혈압 150/90, 맥박 122, 산소포화도 80%입니다.
[T10] 의료진: 지속 경련 상태라 바로 처치 들어가겠습니다.
[T10] 보호자: 네, 부탁드립니다.","[T01] 의료진: 삼백이십삼 번 환자분 들어오세요.
[T01] 보호자: 안녕하세요.
[T02] 의료진: 보호자분, 환자분 어떻게 오시게 됐나요?
[T02] 보호자: 집에서 갑자기 경련을 시작했는데 멈추지 않아서 일일구 부르고 왔어요.
[T03] 의료진: 언제부터 경련이 시작됐나요?
[T03] 보호자: 집에서 갑자기 시작됐어요.
[T04] 의료진: 평소 술을 많이 드시는 분인가요?
[T04] 보호자: 네, 감기 때문에 이틀째 술을 못 드셨다고 했어요.
[T05] 의료진: 알코올로 인한 간경화 병력이 있으신 거죠?
[T05] 보호자: 네.
[T06] 의료진: 지금도 계속 경련 중이시네요.
[T06] 보호자: 네, 멈추지 않고 있어요.
[T07] 의료진: 이전에도 금주 후에 비슷한 증상이 있었는지는 아시나요?
[T07] 보호자: 그건 잘 모르겠어요.
[T08] 의료진: 산소포화도부터 확인하겠습니다.
[T09] 의료진: 혈압 백오십에 구십, 맥박 백이십이, 산소포화도 팔십 퍼센트입니다.
[T10] 의료진: 지속 경련 상태라 바로 처치 들어가겠습니다.
[T10] 보호자: 네, 부탁드립니다.",,,,,,
687,"[T01] 의료진: 324번 환자분 들어오세요.
[T01] 가족: 안녕하세요.
[T02] 의료진: 보호자분, 어떤 일로 오셨나요?
[T02] 가족: 오늘 아침에 집에서 골프채를 들고 가족들을 위협해서 신고하고 왔어요.
[T03] 의료진: 이런 행동은 언제부터 보이기 시작했나요?
[T03] 가족: 어제부터 욕을 하고 난폭했는데 오늘 더 심해졌어요.
[T04] 의료진: 지금도 위협적인 행동을 보이나요?
[T04] 가족: 네, 지금도 계속 위협적이에요.
[T05] 의료진: 환자분, 진정하시고 자리에 앉아 계실 수 있을까요?
[T05] 환자: 건드리지 마세요.
[T06] 의료진: 평소 정신과 치료를 받고 계신가요?
[T06] 가족: 네, 조현병이 있어요.
[T07] 의료진: 최근 약을 잘 드셨는지는 아시나요?
[T07] 가족: 그건 정확히 모르겠어요.
[T08] 의료진: 알겠습니다. 우선 안전하게 보호하면서 보겠습니다.
[T09] 의료진: 혈압 140/70, 맥박 88, 호흡수 22, 산소포화도는 정상입니다.
[T10] 의료진: 현재 타인에게 위해 위험이 있어 바로 격리 및 진료 진행하겠습니다.
[T10] 가족: 네.","[T01] 의료진: 삼백이십사 번 환자분 들어오세요.
[T01] 가족: 안녕하세요.
[T02] 의료진: 보호자분, 어떤 일로 오셨나요?
[T02] 가족: 오늘 아침에 집에서 골프채를 들고 가족들을 위협해서 신고하고 왔어요.
[T03] 의료진: 이런 행동은 언제부터 보이기 시작했나요?
[T03] 가족: 어제부터 욕을 하고 난폭했는데 오늘 더 심해졌어요.
[T04] 의료진: 지금도 위협적인 행동을 보이나요?
[T04] 가족: 네, 지금도 계속 위협적이에요.
[T05] 의료진: 환자분, 진정하시고 자리에 앉아 계실 수 있을까요?
[T05] 환자: 건드리지 마세요.
[T06] 의료진: 평소 정신과 치료를 받고 계신가요?
[T06] 가족: 네, 조현병이 있어요.
[T07] 의료진: 최근 약을 잘 드셨는지는 아시나요?
[T07] 가족: 그건 정확히 모르겠어요.
[T08] 의료진: 알겠습니다. 우선 안전하게 보호하면서 보겠습니다.
[T09] 의료진: 혈압 백사십에 칠십, 맥박 팔십팔, 호흡수 이십이, 산소포화도는 정상입니다.
[T10] 의료진: 현재 타인에게 위해 위험이 있어 바로 격리 및 진료 진행하겠습니다.
[T10] 가족: 네.",,,,,,
693,"[T01] 의료진: 352번 환자분 들어오세요.
[T01] 보호자: 안녕하세요.
[T02] 의료진: 어떻게 다치셨나요?
[T02] 보호자: 자전거 타다가 달리는 차에 부딪혀 넘어졌어요.
[T03] 보호자: 핸들에 가슴을 부딪히고 등으로 떨어졌어요.
[T04] 의료진: 지금 제일 아픈 곳은 어디인가요?
[T04] 환자: 허리가 제일 아파요.
[T05] 의료진: 다리 쪽도 이상이 있다고 했나요?
[T05] 환자: 왼쪽 다리에 힘이 안 들어가고 발목을 못 들겠어요.
[T06] 의료진: 가슴도 부딪혔다고 했는데 숨쉬기 힘들진 않나요?
[T06] 환자: 많이 힘들진 않은데 허리가 너무 아파요.
[T07] 의료진: 통증은 어느 정도인가요?
[T07] 환자: 8점 정도예요.
[T08] 의료진: 지금 활력징후 확인하겠습니다.
[T09] 의료진: 맥박은 110회, 호흡수는 23회, 산소포화도는 99%로 확인됩니다. 다발성 둔상 가능성이 있어 바로 영상검사와 진료 진행하겠습니다.","[T01] 의료진: 삼백오십이 번 환자분 들어오세요.
[T01] 보호자: 안녕하세요.
[T02] 의료진: 어떻게 다치셨나요?
[T02] 보호자: 자전거 타다가 달리는 차에 부딪혀 넘어졌어요.
[T03] 보호자: 핸들에 가슴을 부딪히고 등으로 떨어졌어요.
[T04] 의료진: 지금 제일 아픈 곳은 어디인가요?
[T04] 환자: 허리가 제일 아파요.
[T05] 의료진: 다리 쪽도 이상이 있다고 했나요?
[T05] 환자: 왼쪽 다리에 힘이 안 들어가고 발목을 못 들겠어요.
[T06] 의료진: 가슴도 부딪혔다고 했는데 숨쉬기 힘들진 않나요?
[T06] 환자: 많이 힘들진 않은데 허리가 너무 아파요.
[T07] 의료진: 통증은 어느 정도인가요?
[T07] 환자: 팔 점 정도예요.
[T08] 의료진: 지금 활력징후 확인하겠습니다.
[T09] 의료진: 맥박은 백십 회, 호흡수는 이십삼 회, 산소포화도는 구십구 퍼센트로 확인됩니다. 다발성 둔상 가능성이 있어 바로 영상검사와 진료 진행하겠습니다.",,,,,,
698,"[T01] 의료진: 374번 환자분 들어오세요.
[T01] 환자: 안녕하세요.
[T02] 의료진: 어떤 증상으로 오셨나요?
[T02] 환자: 코가 막혀서 숨쉴 때 좀 답답하고 머리도 무거운 느낌이 있어서 왔어요.
[T03] 의료진: 언제부터 그러셨나요?
[T03] 환자: 며칠 전부터요.
[T04] 의료진: 양쪽 코가 다 막힌 느낌인가요?
[T04] 환자: 네, 양쪽 다 그래요.
[T05] 의료진: 콧물이나 열은 없으셨나요?
[T05] 환자: 특별히 심한 건 없어요.
[T06] 의료진: 숨쉬기가 아주 힘들 정도는 아닌가요?
[T06] 환자: 그 정도는 아닌데 답답해요.
[T07] 의료진: 지금 활력징후 확인하겠습니다.
[T08] 의료진: 혈압은 128/72, 맥박은 77회, 호흡수는 17회, 체온은 37.2도, 산소포화도는 100%로 확인됩니다. 상태 확인 후 진료 보겠습니다.","[T01] 의료진: 삼백칠십사 번 환자분 들어오세요.
[T01] 환자: 안녕하세요.
[T02] 의료진: 어떤 증상으로 오셨나요?
[T02] 환자: 코가 막혀서 숨쉴 때 좀 답답하고 머리도 무거운 느낌이 있어서 왔어요.
[T03] 의료진: 언제부터 그러셨나요?
[T03] 환자: 며칠 전부터요.
[T04] 의료진: 양쪽 코가 다 막힌 느낌인가요?
[T04] 환자: 네, 양쪽 다 그래요.
[T05] 의료진: 콧물이나 열은 없으셨나요?
[T05] 환자: 특별히 심한 건 없어요.
[T06] 의료진: 숨쉬기가 아주 힘들 정도는 아닌가요?
[T06] 환자: 그 정도는 아닌데 답답해요.
[T07] 의료진: 지금 활력징후 확인하겠습니다.
[T08] 의료진: 혈압은 백이십팔에 칠십이, 맥박은 칠십칠 회, 호흡수는 십칠 회, 체온은 삼십칠 점 이 도, 산소포화도는 백 퍼센트로 확인됩니다. 상태 확인 후 진료 보겠습니다.",,,,,,
699,"[T01] 의료진: 378번 환자분 들어오세요.
[T01] 환자: 안녕하세요.
[T02] 의료진: 어떤 문제로 오셨나요?
[T02] 환자: 귀 안에 이어폰 고무가 남아 있는 것 같아요.
[T03] 의료진: 언제 그런 걸 알게 되셨나요?
[T03] 환자: 오늘이요.
[T04] 의료진: 통증은 있으신가요?
[T04] 환자: 아니요, 아프진 않아요.
[T05] 의료진: 청력 변화는 없으신가요?
[T05] 환자: 없습니다.
[T06] 의료진: 귀 안 상태 확인하겠습니다.
[T07] 의료진: 활력징후 확인하겠습니다.
[T08] 의료진: 혈압은 119/82, 맥박은 77회, 호흡수는 17회, 체온은 36.7도, 산소포화도는 97%입니다.","[T01] 의료진: 삼백칠십팔 번 환자분 들어오세요.
[T01] 환자: 안녕하세요.
[T02] 의료진: 어떤 문제로 오셨나요?
[T02] 환자: 귀 안에 이어폰 고무가 남아 있는 것 같아요.
[T03] 의료진: 언제 그런 걸 알게 되셨나요?
[T03] 환자: 오늘이요.
[T04] 의료진: 통증은 있으신가요?
[T04] 환자: 아니요, 아프진 않아요.
[T05] 의료진: 청력 변화는 없으신가요?
[T05] 환자: 없습니다.
[T06] 의료진: 귀 안 상태 확인하겠습니다.
[T07] 의료진: 활력징후 확인하겠습니다.
[T08] 의료진: 혈압은 백십구에 팔십이, 맥박은 칠십칠 회, 호흡수는 십칠 회, 체온은 삼십육 점 칠 도, 산소포화도는 구십칠 퍼센트입니다.",,,,,,
700,"[T01] 의료진: 380번 환자분 들어오세요.
[T01] 환자: 안녕하세요.
[T02] 의료진: 어떻게 다치셔서 오셨나요?
[T02] 환자: 면도하다가 귀 끝을 살짝 긁었어요.
[T03] 의료진: 오늘 생긴 상처인가요?
[T03] 환자: 네.
[T04] 의료진: 출혈은 많이 나지 않았나요?
[T04] 환자: 조금 나다가 멈췄어요.
[T05] 의료진: 통증은 심하지 않으신가요?
[T05] 환자: 네.
[T06] 의료진: 상처 상태 확인하고 처치 도와드리겠습니다.
[T07] 의료진: 활력징후 확인하겠습니다.
[T08] 의료진: 혈압은 122/68, 맥박은 95회, 호흡수는 16회, 체온은 36.9도, 산소포화도는 97%입니다.","[T01] 의료진: 삼백팔십 번 환자분 들어오세요.
[T01] 환자: 안녕하세요.
[T02] 의료진: 어떻게 다치셔서 오셨나요?
[T02] 환자: 면도하다가 귀 끝을 살짝 긁었어요.
[T03] 의료진: 오늘 생긴 상처인가요?
[T03] 환자: 네.
[T04] 의료진: 출혈은 많이 나지 않았나요?
[T04] 환자: 조금 나다가 멈췄어요.
[T05] 의료진: 통증은 심하지 않으신가요?
[T05] 환자: 네.
[T06] 의료진: 상처 상태 확인하고 처치 도와드리겠습니다.
[T07] 의료진: 활력징후 확인하겠습니다.
[T08] 의료진: 혈압은 백이십이에 육십팔, 맥박은 구십오 회, 호흡수는 십육 회, 체온은 삼십육 점 구 도, 산소포화도는 구십칠 퍼센트입니다.",,,,,,
703,"[T01] 의료진: 392번 환자분 들어오세요.
[T01] 환자: 안녕하세요.
[T02] 의료진: 어떤 문제로 오셨나요?
[T02] 환자: 안쪽에 넣은 물건이 안 빠져서 왔어요.
[T03] 의료진: 언제 넣으신 건가요?
[T03] 환자: 오늘입니다.
[T04] 의료진: 통증은 어느 정도인가요?
[T04] 환자: 3점 정도요.
[T05] 의료진: 복통이나 출혈은 없으신가요?
[T05] 환자: 없습니다.
[T06] 의료진: 상태 확인 후 진료 도와드리겠습니다.
[T07] 의료진: 활력징후 확인하겠습니다.
[T08] 의료진: 혈압은 109/82, 맥박은 82회, 호흡수는 15회, 체온은 36.3도, 산소포화도는 97%입니다.","[T01] 의료진: 삼백구십이 번 환자분 들어오세요.
[T01] 환자: 안녕하세요.
[T02] 의료진: 어떤 문제로 오셨나요?
[T02] 환자: 안쪽에 넣은 물건이 안 빠져서 왔어요.
[T03] 의료진: 언제 넣으신 건가요?
[T03] 환자: 오늘입니다.
[T04] 의료진: 통증은 어느 정도인가요?
[T04] 환자: 삼 점 정도요.
[T05] 의료진: 복통이나 출혈은 없으신가요?
[T05] 환자: 없습니다.
[T06] 의료진: 상태 확인 후 진료 도와드리겠습니다.
[T07] 의료진: 활력징후 확인하겠습니다.
[T08] 의료진: 혈압은 백구에 팔십이, 맥박은 팔십이 회, 호흡수는 십오 회, 체온은 삼십육 점 삼 도, 산소포화도는 구십칠 퍼센트입니다.",,,,,,
704,"[T01] 의료진: 393번 환자분 들어오세요.
[T01] 환자: 안녕하세요.
[T02] 의료진: 어디가 불편해서 오셨나요?
[T02] 환자: 샅고랑 쪽이 볼록 튀어나오는 느낌이 있어요.
[T03] 의료진: 언제부터 그런 증상이 있었나요?
[T03] 환자: 몇 달 전부터요.
[T04] 의료진: 누우면 들어가는 느낌도 있나요?
[T04] 환자: 네.
[T05] 의료진: 통증은 어느 정도인가요?
[T05] 환자: 2점 정도입니다.
[T06] 의료진: 상태 확인 위해 진료 보겠습니다.
[T07] 의료진: 활력징후 확인하겠습니다.
[T08] 의료진: 혈압은 105/73, 맥박은 71회, 호흡수는 16회, 체온은 36.8도, 산소포화도는 99%입니다.","[T01] 의료진: 삼백구십삼 번 환자분 들어오세요.
[T01] 환자: 안녕하세요.
[T02] 의료진: 어디가 불편해서 오셨나요?
[T02] 환자: 샅고랑 쪽이 볼록 튀어나오는 느낌이 있어요.
[T03] 의료진: 언제부터 그런 증상이 있었나요?
[T03] 환자: 몇 달 전부터요.
[T04] 의료진: 누우면 들어가는 느낌도 있나요?
[T04] 환자: 네.
[T05] 의료진: 통증은 어느 정도인가요?
[T05] 환자: 이 점 정도입니다.
[T06] 의료진: 상태 확인 위해 진료 보겠습니다.
[T07] 의료진: 활력징후 확인하겠습니다.
[T08] 의료진: 혈압은 백오에 칠십삼, 맥박은 칠십일 회, 호흡수는 십육 회, 체온은 삼십육 점 팔 도, 산소포화도는 구십구 퍼센트입니다.",,,,,,
707,"[T01] 의료진: 397번 환자분 들어오세요.
[T01] 환자: 안녕하세요.
[T02] 의료진: 어디가 불편해서 오셨나요?
[T02] 환자: 배 한쪽이 좀 볼록 나온 느낌이 있어서 왔어요.
[T03] 의료진: 언제부터 그런 느낌이 있었나요?
[T03] 환자: 몇 달 전부터 가끔 그랬어요.
[T04] 의료진: 만지면 단단하게 만져지기도 하나요?
[T04] 환자: 네, 만지면 뭔가 단단한 게 느껴질 때가 있어요.
[T05] 의료진: 최근에 갑자기 커지거나 통증이 심해진 건 없으신가요?
[T05] 환자: 아니요, 갑자기 심해지진 않았어요.
[T06] 의료진: 통증은 어느 정도인가요?
[T06] 환자: 3점 정도로 약하게 있어요.
[T07] 의료진: 구토나 복통 같은 다른 증상은 없으신가요?
[T07] 환자: 그런 건 없어요.
[T08] 의료진: 혈압 112/71, 맥박 73, 호흡수 14, 체온 37.1도입니다.
[T09] 의료진: 복부 상태 확인 위해 진료 보겠습니다.","[T01] 의료진: 삼백구십칠 번 환자분 들어오세요.
[T01] 환자: 안녕하세요.
[T02] 의료진: 어디가 불편해서 오셨나요?
[T02] 환자: 배 한쪽이 좀 볼록 나온 느낌이 있어서 왔어요.
[T03] 의료진: 언제부터 그런 느낌이 있었나요?
[T03] 환자: 몇 달 전부터 가끔 그랬어요.
[T04] 의료진: 만지면 단단하게 만져지기도 하나요?
[T04] 환자: 네, 만지면 뭔가 단단한 게 느껴질 때가 있어요.
[T05] 의료진: 최근에 갑자기 커지거나 통증이 심해진 건 없으신가요?
[T05] 환자: 아니요, 갑자기 심해지진 않았어요.
[T06] 의료진: 통증은 어느 정도인가요?
[T06] 환자: 삼 점 정도로 약하게 있어요.
[T07] 의료진: 구토나 복통 같은 다른 증상은 없으신가요?
[T07] 환자: 그런 건 없어요.
[T08] 의료진: 혈압 백십이에 칠십일, 맥박 칠십삼, 호흡수 십사, 체온 삼십칠 점 일 도입니다.
[T09] 의료진: 복부 상태 확인 위해 진료 보겠습니다.",,,,,,
708,"[T01] 의료진: 398번 환자분 들어오세요.
[T01] 환자: 안녕하세요.
[T02] 의료진: 어떤 문제로 오셨나요?
[T02] 환자: 탐폰을 사용했는데 안쪽에 남아 있는 것 같아서 왔어요.
[T03] 의료진: 언제 그런 걸 느끼셨나요?
[T03] 환자: 오늘 알게 됐어요.
[T04] 의료진: 안쪽에 뭔가 걸리는 느낌이 계속 있나요?
[T04] 환자: 네, 그런 느낌이 있어요.
[T05] 의료진: 복통이나 출혈은 없으신가요?
[T05] 환자: 아니요.
[T06] 의료진: 스스로 제거하려고 해보셨나요?
[T06] 환자: 네, 해봤는데 안 빠졌어요.
[T07] 의료진: 혈압 124/81, 맥박 84, 호흡수 18, 체온 36.5도입니다.
[T08] 의료진: 상태 확인하고 제거 필요 여부 보겠습니다.","[T01] 의료진: 삼백구십팔 번 환자분 들어오세요.
[T01] 환자: 안녕하세요.
[T02] 의료진: 어떤 문제로 오셨나요?
[T02] 환자: 탐폰을 사용했는데 안쪽에 남아 있는 것 같아서 왔어요.
[T03] 의료진: 언제 그런 걸 느끼셨나요?
[T03] 환자: 오늘 알게 됐어요.
[T04] 의료진: 안쪽에 뭔가 걸리는 느낌이 계속 있나요?
[T04] 환자: 네, 그런 느낌이 있어요.
[T05] 의료진: 복통이나 출혈은 없으신가요?
[T05] 환자: 아니요.
[T06] 의료진: 스스로 제거하려고 해보셨나요?
[T06] 환자: 네, 해봤는데 안 빠졌어요.
[T07] 의료진: 혈압 백이십사에 팔십일, 맥박 팔십사, 호흡수 십팔, 체온 삼십육 점 오 도입니다.
[T08] 의료진: 상태 확인하고 제거 필요 여부 보겠습니다.",,,,,,
709,"[T01] 의료진: 399번 환자분 들어오세요.
[T01] 환자: 안녕하세요.
[T02] 의료진: 어디가 불편해서 오셨나요?
[T02] 환자: 아침에 보니까 음순이 좀 부어 있는 것 같아서 왔어요.
[T03] 의료진: 언제부터 그런 걸 느끼셨나요?
[T03] 환자: 오늘 아침에 처음 알았어요.
[T04] 의료진: 통증이나 가려움은 있으신가요?
[T04] 환자: 아니요, 통증은 없어요.
[T05] 의료진: 분비물이나 출혈은 없으신가요?
[T05] 환자: 없어요.
[T06] 의료진: 열이나 몸살 같은 증상도 없으신가요?
[T06] 환자: 네.
[T07] 의료진: 혈압 127/81, 맥박 93, 호흡수 16, 체온 37.2도입니다.
[T08] 의료진: 부종 원인 확인 위해 진료 보겠습니다.","[T01] 의료진: 삼백구십구 번 환자분 들어오세요.
[T01] 환자: 안녕하세요.
[T02] 의료진: 어디가 불편해서 오셨나요?
[T02] 환자: 아침에 보니까 음순이 좀 부어 있는 것 같아서 왔어요.
[T03] 의료진: 언제부터 그런 걸 느끼셨나요?
[T03] 환자: 오늘 아침에 처음 알았어요.
[T04] 의료진: 통증이나 가려움은 있으신가요?
[T04] 환자: 아니요, 통증은 없어요.
[T05] 의료진: 분비물이나 출혈은 없으신가요?
[T05] 환자: 없어요.
[T06] 의료진: 열이나 몸살 같은 증상도 없으신가요?
[T06] 환자: 네.
[T07] 의료진: 혈압 백이십칠에 팔십일, 맥박 구십삼, 호흡수 십육, 체온 삼십칠 점 이 도입니다.
[T08] 의료진: 부종 원인 확인 위해 진료 보겠습니다.",,,,,,
717,"[T01] 의료진: 424번 환자분 들어오세요.
[T01] 환자: 안녕하세요.
[T02] 의료진: 어디가 불편해서 오셨나요?
[T02] 환자: 가슴 한쪽이 좀 빨갛고 누르면 욱신거려서 왔어요.
[T03] 의료진: 언제부터 그러셨나요?
[T03] 환자: 최근부터요.
[T04] 의료진: 붓거나 열감도 느껴지시나요?
[T04] 환자: 조금 그런 것 같아요.
[T05] 의료진: 분비물이 나오거나 열이 난 적은 없었나요?
[T05] 환자: 그런 건 없어요.
[T06] 의료진: 통증은 계속 있는 건가요, 누를 때만 더 아픈가요?
[T06] 환자: 누르면 더 아파요.
[T07] 의료진: 지금 활력징후 확인하겠습니다.
[T08] 의료진: 혈압은 120/74, 맥박은 89회, 호흡수는 14회, 체온은 36.9도, 산소포화도는 98%로 확인됩니다. 유방 부위 상태 확인 위해 진료 보겠습니다.","[T01] 의료진: 사백이십사 번 환자분 들어오세요.
[T01] 환자: 안녕하세요.
[T02] 의료진: 어디가 불편해서 오셨나요?
[T02] 환자: 가슴 한쪽이 좀 빨갛고 누르면 욱신거려서 왔어요.
[T03] 의료진: 언제부터 그러셨나요?
[T03] 환자: 최근부터요.
[T04] 의료진: 붓거나 열감도 느껴지시나요?
[T04] 환자: 조금 그런 것 같아요.
[T05] 의료진: 분비물이 나오거나 열이 난 적은 없었나요?
[T05] 환자: 그런 건 없어요.
[T06] 의료진: 통증은 계속 있는 건가요, 누를 때만 더 아픈가요?
[T06] 환자: 누르면 더 아파요.
[T07] 의료진: 지금 활력징후 확인하겠습니다.
[T08] 의료진: 혈압은 백이십에 칠십사, 맥박은 팔십구 회, 호흡수는 십사 회, 체온은 삼십육 점 구 도, 산소포화도는 구십팔 퍼센트로 확인됩니다. 유방 부위 상태 확인 위해 진료 보겠습니다.",,,,,,
